population	height_band_16	slope_band_0_10_25_40_55_90	block	count
side_east	11	-1	minecraft:dirt	3
side_east	11	-1	minecraft:grass_block	33
side_east	11	-1	minecraft:stone	3
side_east	13	-1	minecraft:dark_oak_log	1
side_east	13	-1	minecraft:dirt	1
side_east	13	-1	minecraft:grass_block	16
side_east	13	-1	minecraft:stone	8
side_east	15	-1	minecraft:coarse_dirt	1
side_east	15	-1	minecraft:dark_oak_log	4
side_east	15	-1	minecraft:grass_block	11
side_east	15	-1	minecraft:stone	5
side_east	4	-1	minecraft:brown_stained_glass_pane	3
side_east	4	-1	minecraft:horn_coral_fan	1
side_east	4	-1	minecraft:lily_pad	3
side_east	4	-1	minecraft:sea_pickle	1
side_east	4	-1	minecraft:sugar_cane	3
side_east	6	-1	minecraft:brown_stained_glass_pane	1
side_east	6	-1	minecraft:dark_oak_log	1
side_east	6	-1	minecraft:grass_block	13
side_east	6	-1	minecraft:sea_pickle	2
side_east	6	-1	minecraft:sugar_cane	3
side_east	9	-1	minecraft:dark_oak_log	2
side_east	9	-1	minecraft:dirt	2
side_east	9	-1	minecraft:grass_block	29
side_east	9	-1	minecraft:sea_pickle	1
side_north	11	-1	minecraft:dirt	1
side_north	11	-1	minecraft:grass_block	7
side_north	11	-1	minecraft:stone	3
side_north	13	-1	minecraft:dark_oak_log	1
side_north	13	-1	minecraft:grass_block	3
side_north	13	-1	minecraft:stone	6
side_north	15	-1	minecraft:dark_oak_log	2
side_north	15	-1	minecraft:grass_block	5
side_north	15	-1	minecraft:stone	5
side_north	4	-1	minecraft:brown_stained_glass_pane	2
side_north	4	-1	minecraft:coarse_dirt	1
side_north	4	-1	minecraft:grass_block	1
side_north	4	-1	minecraft:horn_coral_fan	1
side_north	4	-1	minecraft:lily_pad	2
side_north	4	-1	minecraft:sea_pickle	2
side_north	4	-1	minecraft:sugar_cane	4
side_north	6	-1	minecraft:brown_stained_glass_pane	1
side_north	6	-1	minecraft:dark_oak_log	1
side_north	6	-1	minecraft:grass_block	13
side_north	6	-1	minecraft:sea_pickle	2
side_north	6	-1	minecraft:sugar_cane	3
side_north	9	-1	minecraft:dark_oak_log	2
side_north	9	-1	minecraft:grass_block	4
side_north	9	-1	minecraft:sea_pickle	1
side_south	11	-1	minecraft:grass_block	35
side_south	11	-1	minecraft:stone	2
side_south	13	-1	minecraft:grass_block	3
side_south	13	-1	minecraft:stone	5
side_south	15	-1	minecraft:dark_oak_log	3
side_south	15	-1	minecraft:stone	3
side_south	4	-1	minecraft:brown_stained_glass_pane	3
side_south	4	-1	minecraft:grass_block	1
side_south	4	-1	minecraft:horn_coral_fan	1
side_south	4	-1	minecraft:lily_pad	3
side_south	4	-1	minecraft:sea_pickle	1
side_south	4	-1	minecraft:sugar_cane	4
side_south	6	-1	minecraft:brown_stained_glass_pane	1
side_south	6	-1	minecraft:coarse_dirt	1
side_south	6	-1	minecraft:dark_oak_log	1
side_south	6	-1	minecraft:grass_block	35
side_south	6	-1	minecraft:sea_pickle	2
side_south	6	-1	minecraft:sugar_cane	3
side_south	9	-1	minecraft:coarse_dirt	1
side_south	9	-1	minecraft:dark_oak_log	1
side_south	9	-1	minecraft:dirt	5
side_south	9	-1	minecraft:grass_block	34
side_south	9	-1	minecraft:sea_pickle	1
side_west	11	-1	minecraft:grass_block	10
side_west	11	-1	minecraft:stone	4
side_west	13	-1	minecraft:stone	6
side_west	15	-1	minecraft:dark_oak_log	2
side_west	15	-1	minecraft:stone	6
side_west	4	-1	minecraft:brown_stained_glass_pane	2
side_west	4	-1	minecraft:horn_coral_fan	1
side_west	4	-1	minecraft:lily_pad	2
side_west	4	-1	minecraft:sea_pickle	2
side_west	4	-1	minecraft:sugar_cane	3
side_west	6	-1	minecraft:dark_oak_log	1
side_west	6	-1	minecraft:dirt	1
side_west	6	-1	minecraft:grass_block	16
side_west	6	-1	minecraft:sea_pickle	2
side_west	6	-1	minecraft:sugar_cane	4
side_west	9	-1	minecraft:dark_oak_log	2
side_west	9	-1	minecraft:dirt	5
side_west	9	-1	minecraft:grass_block	9
side_west	9	-1	minecraft:sea_pickle	1
top_aspect_east	0	0	minecraft:andesite	1
top_aspect_east	0	0	minecraft:dirt	5
top_aspect_east	0	1	minecraft:dirt	15
top_aspect_east	11	0	minecraft:grass_block	3
top_aspect_east	11	1	minecraft:dirt	5
top_aspect_east	11	1	minecraft:grass_block	69
top_aspect_east	11	2	minecraft:dirt	2
top_aspect_east	11	2	minecraft:grass_block	10
top_aspect_east	13	0	minecraft:dirt	1
top_aspect_east	13	0	minecraft:grass_block	4
top_aspect_east	13	1	minecraft:dirt	13
top_aspect_east	13	1	minecraft:grass_block	41
top_aspect_east	15	0	minecraft:coarse_dirt	2
top_aspect_east	15	0	minecraft:dirt	2
top_aspect_east	15	0	minecraft:grass_block	14
top_aspect_east	15	0	minecraft:podzol	4
top_aspect_east	15	1	minecraft:grass_block	8
top_aspect_east	2	0	minecraft:andesite	1
top_aspect_east	2	0	minecraft:dirt	18
top_aspect_east	2	0	minecraft:dirt_path	1
top_aspect_east	2	1	minecraft:dirt	22
top_aspect_east	4	0	minecraft:andesite	4
top_aspect_east	4	0	minecraft:coarse_dirt	9
top_aspect_east	4	0	minecraft:dirt	3
top_aspect_east	4	0	minecraft:dirt_path	3
top_aspect_east	4	0	minecraft:grass_block	1
top_aspect_east	4	0	minecraft:gravel	4
top_aspect_east	4	1	minecraft:coarse_dirt	14
top_aspect_east	4	1	minecraft:dirt	24
top_aspect_east	4	1	minecraft:dirt_path	8
top_aspect_east	4	1	minecraft:gravel	20
top_aspect_east	4	2	minecraft:coarse_dirt	1
top_aspect_east	4	2	minecraft:dirt	4
top_aspect_east	4	2	minecraft:grass_block	3
top_aspect_east	6	0	minecraft:dirt	3
top_aspect_east	6	0	minecraft:grass_block	81
top_aspect_east	6	1	minecraft:andesite	1
top_aspect_east	6	1	minecraft:coarse_dirt	8
top_aspect_east	6	1	minecraft:dirt	15
top_aspect_east	6	1	minecraft:dirt_path	5
top_aspect_east	6	1	minecraft:grass_block	30
top_aspect_east	6	2	minecraft:coarse_dirt	3
top_aspect_east	6	2	minecraft:dirt	7
top_aspect_east	9	0	minecraft:coarse_dirt	3
top_aspect_east	9	0	minecraft:grass_block	49
top_aspect_east	9	1	minecraft:andesite	1
top_aspect_east	9	1	minecraft:coarse_dirt	18
top_aspect_east	9	1	minecraft:dirt	5
top_aspect_east	9	1	minecraft:grass_block	37
top_aspect_east	9	2	minecraft:coarse_dirt	14
top_aspect_east	9	2	minecraft:dirt	4
top_aspect_east	9	2	minecraft:grass_block	1
top_aspect_north	0	0	minecraft:andesite	8
top_aspect_north	0	0	minecraft:dirt	31
top_aspect_north	0	1	minecraft:andesite	5
top_aspect_north	0	1	minecraft:dirt	52
top_aspect_north	11	0	minecraft:grass_block	2
top_aspect_north	11	1	minecraft:grass_block	7
top_aspect_north	13	0	minecraft:dirt	4
top_aspect_north	13	0	minecraft:grass_block	3
top_aspect_north	13	1	minecraft:dirt	5
top_aspect_north	13	1	minecraft:grass_block	3
top_aspect_north	13	1	minecraft:stone	1
top_aspect_north	15	1	minecraft:coarse_dirt	3
top_aspect_north	15	1	minecraft:grass_block	6
top_aspect_north	15	1	minecraft:podzol	2
top_aspect_north	15	2	minecraft:dark_oak_log	1
top_aspect_north	2	0	minecraft:andesite	1
top_aspect_north	2	0	minecraft:dirt	8
top_aspect_north	2	1	minecraft:andesite	2
top_aspect_north	2	1	minecraft:coarse_dirt	14
top_aspect_north	2	1	minecraft:dirt	65
top_aspect_north	2	1	minecraft:dirt_path	20
top_aspect_north	2	1	minecraft:grass_block	1
top_aspect_north	2	1	minecraft:mossy_cobblestone	1
top_aspect_north	4	0	minecraft:coarse_dirt	1
top_aspect_north	4	0	minecraft:dirt	2
top_aspect_north	4	0	minecraft:sea_pickle	1
top_aspect_north	4	1	minecraft:coarse_dirt	71
top_aspect_north	4	1	minecraft:dirt	65
top_aspect_north	4	1	minecraft:grass_block	1
top_aspect_north	4	1	minecraft:sugar_cane	3
top_aspect_north	4	2	minecraft:coarse_dirt	2
top_aspect_north	4	2	minecraft:dirt	1
top_aspect_north	4	2	minecraft:grass_block	1
top_aspect_north	6	0	minecraft:andesite	1
top_aspect_north	6	0	minecraft:dirt	2
top_aspect_north	6	0	minecraft:grass_block	74
top_aspect_north	6	1	minecraft:coarse_dirt	5
top_aspect_north	6	1	minecraft:dirt	3
top_aspect_north	6	1	minecraft:grass_block	94
top_aspect_north	6	2	minecraft:grass_block	2
top_aspect_north	9	0	minecraft:dark_oak_log	1
top_aspect_north	9	0	minecraft:grass_block	3
top_aspect_north	9	1	minecraft:coarse_dirt	1
top_aspect_north	9	1	minecraft:grass_block	13
top_aspect_south	0	0	minecraft:andesite	10
top_aspect_south	0	0	minecraft:dirt	51
top_aspect_south	0	0	minecraft:mossy_cobblestone	1
top_aspect_south	0	1	minecraft:andesite	7
top_aspect_south	0	1	minecraft:dirt	52
top_aspect_south	11	0	minecraft:coarse_dirt	4
top_aspect_south	11	0	minecraft:dirt	4
top_aspect_south	11	0	minecraft:grass_block	74
top_aspect_south	11	0	minecraft:podzol	11
top_aspect_south	11	0	minecraft:stone	1
top_aspect_south	11	1	minecraft:coarse_dirt	1
top_aspect_south	11	1	minecraft:dirt	3
top_aspect_south	11	1	minecraft:grass_block	58
top_aspect_south	11	1	minecraft:podzol	3
top_aspect_south	13	0	minecraft:dark_oak_log	1
top_aspect_south	13	0	minecraft:dirt	3
top_aspect_south	13	0	minecraft:grass_block	2
top_aspect_south	13	0	minecraft:stone	6
top_aspect_south	13	1	minecraft:grass_block	24
top_aspect_south	13	1	minecraft:stone	1
top_aspect_south	15	0	minecraft:dark_oak_log	2
top_aspect_south	15	0	minecraft:grass_block	6
top_aspect_south	15	0	minecraft:podzol	1
top_aspect_south	15	0	minecraft:stone	6
top_aspect_south	15	1	minecraft:dark_oak_log	1
top_aspect_south	15	1	minecraft:grass_block	11
top_aspect_south	15	1	minecraft:stone	8
top_aspect_south	2	0	minecraft:andesite	1
top_aspect_south	2	0	minecraft:coarse_dirt	2
top_aspect_south	2	0	minecraft:dirt	28
top_aspect_south	2	1	minecraft:andesite	6
top_aspect_south	2	1	minecraft:coarse_dirt	13
top_aspect_south	2	1	minecraft:dirt	69
top_aspect_south	2	1	minecraft:dirt_path	11
top_aspect_south	2	1	minecraft:farmland	8
top_aspect_south	2	1	minecraft:mossy_cobblestone	1
top_aspect_south	2	2	minecraft:dirt	3
top_aspect_south	4	0	minecraft:andesite	5
top_aspect_south	4	0	minecraft:coarse_dirt	20
top_aspect_south	4	0	minecraft:dirt	7
top_aspect_south	4	0	minecraft:grass_block	104
top_aspect_south	4	0	minecraft:gravel	2
top_aspect_south	4	0	minecraft:horn_coral_fan	1
top_aspect_south	4	0	minecraft:lily_pad	2
top_aspect_south	4	0	minecraft:oak_wood	2
top_aspect_south	4	0	minecraft:podzol	25
top_aspect_south	4	0	minecraft:sea_pickle	1
top_aspect_south	4	1	minecraft:andesite	3
top_aspect_south	4	1	minecraft:coarse_dirt	56
top_aspect_south	4	1	minecraft:dirt	59
top_aspect_south	4	1	minecraft:dirt_path	4
top_aspect_south	4	1	minecraft:grass_block	44
top_aspect_south	4	1	minecraft:gravel	3
top_aspect_south	4	1	minecraft:lily_pad	1
top_aspect_south	4	1	minecraft:oak_wood	1
top_aspect_south	4	1	minecraft:podzol	1
top_aspect_south	4	1	minecraft:sugar_cane	1
top_aspect_south	4	2	minecraft:coarse_dirt	6
top_aspect_south	4	2	minecraft:dirt	6
top_aspect_south	4	2	minecraft:dirt_path	3
top_aspect_south	4	2	minecraft:grass_block	3
top_aspect_south	6	0	minecraft:coarse_dirt	4
top_aspect_south	6	0	minecraft:dark_oak_log	2
top_aspect_south	6	0	minecraft:dirt_path	2
top_aspect_south	6	0	minecraft:grass_block	238
top_aspect_south	6	0	minecraft:sea_pickle	1
top_aspect_south	6	1	minecraft:coarse_dirt	4
top_aspect_south	6	1	minecraft:dirt	17
top_aspect_south	6	1	minecraft:dirt_path	1
top_aspect_south	6	1	minecraft:grass_block	177
top_aspect_south	6	1	minecraft:sea_pickle	1
top_aspect_south	6	1	minecraft:sugar_cane	1
top_aspect_south	6	2	minecraft:coarse_dirt	2
top_aspect_south	6	2	minecraft:dirt	6
top_aspect_south	6	2	minecraft:grass_block	2
top_aspect_south	9	0	minecraft:coarse_dirt	1
top_aspect_south	9	0	minecraft:dirt	1
top_aspect_south	9	0	minecraft:grass_block	272
top_aspect_south	9	1	minecraft:coarse_dirt	10
top_aspect_south	9	1	minecraft:dirt	13
top_aspect_south	9	1	minecraft:grass_block	141
top_aspect_south	9	1	minecraft:sea_pickle	1
top_aspect_south	9	2	minecraft:dirt	1
top_aspect_south	9	2	minecraft:grass_block	5
top_aspect_west	0	0	minecraft:dirt	1
top_aspect_west	0	1	minecraft:andesite	2
top_aspect_west	0	1	minecraft:dirt	4
top_aspect_west	0	1	minecraft:mossy_cobblestone	1
top_aspect_west	0	2	minecraft:dirt	1
top_aspect_west	11	0	minecraft:grass_block	1
top_aspect_west	11	1	minecraft:grass_block	11
top_aspect_west	2	0	minecraft:dirt	3
top_aspect_west	2	1	minecraft:dirt	9
top_aspect_west	4	0	minecraft:dirt	2
top_aspect_west	4	0	minecraft:dirt_path	1
top_aspect_west	4	0	minecraft:grass_block	7
top_aspect_west	4	1	minecraft:coarse_dirt	5
top_aspect_west	4	1	minecraft:dirt	13
top_aspect_west	4	1	minecraft:dirt_path	4
top_aspect_west	4	2	minecraft:grass_block	2
top_aspect_west	4	2	minecraft:podzol	2
top_aspect_west	6	0	minecraft:grass_block	25
top_aspect_west	6	1	minecraft:dirt	21
top_aspect_west	6	1	minecraft:grass_block	2
top_aspect_west	6	1	minecraft:sugar_cane	3
top_aspect_west	9	0	minecraft:dirt	3
top_aspect_west	9	0	minecraft:grass_block	13
top_aspect_west	9	1	minecraft:dirt	12
top_aspect_west	9	1	minecraft:grass_block	28
top_aspect_west	9	2	minecraft:grass_block	1
top_slope1	0	0	minecraft:andesite	21
top_slope1	0	0	minecraft:dirt	125
top_slope1	0	0	minecraft:mossy_cobblestone	2
top_slope1	0	2	minecraft:andesite	12
top_slope1	0	2	minecraft:dirt	64
top_slope1	0	3	minecraft:dirt	20
top_slope1	0	4	minecraft:dirt	3
top_slope1	11	0	minecraft:coarse_dirt	4
top_slope1	11	0	minecraft:dirt	3
top_slope1	11	0	minecraft:grass_block	129
top_slope1	11	0	minecraft:podzol	12
top_slope1	11	2	minecraft:dirt	7
top_slope1	11	2	minecraft:grass_block	91
top_slope1	11	3	minecraft:coarse_dirt	1
top_slope1	11	3	minecraft:dirt	4
top_slope1	11	3	minecraft:grass_block	14
top_slope1	11	3	minecraft:podzol	2
top_slope1	11	4	minecraft:grass_block	1
top_slope1	11	4	minecraft:stone	1
top_slope1	13	0	minecraft:dirt	17
top_slope1	13	0	minecraft:grass_block	29
top_slope1	13	2	minecraft:dirt	9
top_slope1	13	2	minecraft:grass_block	42
top_slope1	13	3	minecraft:grass_block	6
top_slope1	13	3	minecraft:stone	3
top_slope1	13	4	minecraft:dark_oak_log	1
top_slope1	13	4	minecraft:stone	5
top_slope1	15	0	minecraft:coarse_dirt	4
top_slope1	15	0	minecraft:dark_oak_log	2
top_slope1	15	0	minecraft:dirt	1
top_slope1	15	0	minecraft:grass_block	24
top_slope1	15	0	minecraft:podzol	7
top_slope1	15	0	minecraft:stone	3
top_slope1	15	2	minecraft:coarse_dirt	1
top_slope1	15	2	minecraft:dirt	1
top_slope1	15	2	minecraft:grass_block	21
top_slope1	15	2	minecraft:stone	3
top_slope1	15	3	minecraft:stone	3
top_slope1	15	4	minecraft:dark_oak_log	2
top_slope1	15	4	minecraft:stone	5
top_slope1	2	0	minecraft:coarse_dirt	5
top_slope1	2	0	minecraft:dirt	78
top_slope1	2	0	minecraft:dirt_path	6
top_slope1	2	0	minecraft:farmland	2
top_slope1	2	0	minecraft:mossy_cobblestone	1
top_slope1	2	2	minecraft:andesite	8
top_slope1	2	2	minecraft:coarse_dirt	18
top_slope1	2	2	minecraft:dirt	134
top_slope1	2	2	minecraft:dirt_path	26
top_slope1	2	2	minecraft:farmland	6
top_slope1	2	2	minecraft:grass_block	1
top_slope1	2	2	minecraft:mossy_cobblestone	1
top_slope1	2	3	minecraft:andesite	3
top_slope1	2	3	minecraft:coarse_dirt	3
top_slope1	2	3	minecraft:dirt	13
top_slope1	2	4	minecraft:coarse_dirt	3
top_slope1	4	0	minecraft:andesite	2
top_slope1	4	0	minecraft:coarse_dirt	64
top_slope1	4	0	minecraft:dirt	67
top_slope1	4	0	minecraft:dirt_path	6
top_slope1	4	0	minecraft:grass_block	134
top_slope1	4	0	minecraft:gravel	7
top_slope1	4	0	minecraft:horn_coral_fan	1
top_slope1	4	0	minecraft:lily_pad	1
top_slope1	4	0	minecraft:oak_wood	1
top_slope1	4	0	minecraft:podzol	19
top_slope1	4	2	minecraft:andesite	7
top_slope1	4	2	minecraft:coarse_dirt	105
top_slope1	4	2	minecraft:dirt	109
top_slope1	4	2	minecraft:dirt_path	13
top_slope1	4	2	minecraft:grass_block	31
top_slope1	4	2	minecraft:gravel	22
top_slope1	4	2	minecraft:lily_pad	1
top_slope1	4	2	minecraft:oak_wood	2
top_slope1	4	2	minecraft:podzol	4
top_slope1	4	2	minecraft:sugar_cane	4
top_slope1	4	3	minecraft:andesite	3
top_slope1	4	3	minecraft:coarse_dirt	12
top_slope1	4	3	minecraft:dirt	10
top_slope1	4	3	minecraft:dirt_path	4
top_slope1	4	3	minecraft:grass_block	1
top_slope1	4	3	minecraft:lily_pad	1
top_slope1	4	3	minecraft:sea_pickle	2
top_slope1	4	4	minecraft:coarse_dirt	4
top_slope1	4	4	minecraft:podzol	5
top_slope1	6	0	minecraft:coarse_dirt	11
top_slope1	6	0	minecraft:dirt	8
top_slope1	6	0	minecraft:grass_block	527
top_slope1	6	0	minecraft:sea_pickle	1
top_slope1	6	2	minecraft:andesite	1
top_slope1	6	2	minecraft:coarse_dirt	12
top_slope1	6	2	minecraft:dirt	51
top_slope1	6	2	minecraft:dirt_path	7
top_slope1	6	2	minecraft:grass_block	186
top_slope1	6	2	minecraft:sea_pickle	1
top_slope1	6	2	minecraft:sugar_cane	3
top_slope1	6	3	minecraft:andesite	1
top_slope1	6	3	minecraft:coarse_dirt	3
top_slope1	6	3	minecraft:dirt	15
top_slope1	6	3	minecraft:dirt_path	1
top_slope1	6	3	minecraft:grass_block	11
top_slope1	6	3	minecraft:sugar_cane	1
top_slope1	6	4	minecraft:dark_oak_log	2
top_slope1	6	4	minecraft:grass_block	1
top_slope1	9	0	minecraft:andesite	1
top_slope1	9	0	minecraft:coarse_dirt	16
top_slope1	9	0	minecraft:dirt	17
top_slope1	9	0	minecraft:grass_block	412
top_slope1	9	0	minecraft:sea_pickle	1
top_slope1	9	2	minecraft:coarse_dirt	25
top_slope1	9	2	minecraft:dark_oak_log	1
top_slope1	9	2	minecraft:dirt	20
top_slope1	9	2	minecraft:grass_block	122
top_slope1	9	3	minecraft:coarse_dirt	6
top_slope1	9	3	minecraft:dirt	2
top_slope1	9	3	minecraft:grass_block	23
top_slope1	9	4	minecraft:grass_block	6
top_slope4	0	0	minecraft:andesite	19
top_slope4	0	0	minecraft:dirt	88
top_slope4	0	0	minecraft:mossy_cobblestone	1
top_slope4	0	1	minecraft:andesite	14
top_slope4	0	1	minecraft:dirt	123
top_slope4	0	1	minecraft:mossy_cobblestone	1
top_slope4	0	2	minecraft:dirt	1
top_slope4	11	0	minecraft:coarse_dirt	4
top_slope4	11	0	minecraft:dirt	4
top_slope4	11	0	minecraft:grass_block	80
top_slope4	11	0	minecraft:podzol	11
top_slope4	11	0	minecraft:stone	1
top_slope4	11	1	minecraft:coarse_dirt	1
top_slope4	11	1	minecraft:dirt	8
top_slope4	11	1	minecraft:grass_block	145
top_slope4	11	1	minecraft:podzol	3
top_slope4	11	2	minecraft:dirt	2
top_slope4	11	2	minecraft:grass_block	10
top_slope4	13	0	minecraft:dark_oak_log	1
top_slope4	13	0	minecraft:dirt	8
top_slope4	13	0	minecraft:grass_block	9
top_slope4	13	0	minecraft:stone	6
top_slope4	13	1	minecraft:dirt	18
top_slope4	13	1	minecraft:grass_block	68
top_slope4	13	1	minecraft:stone	2
top_slope4	15	0	minecraft:coarse_dirt	2
top_slope4	15	0	minecraft:dark_oak_log	2
top_slope4	15	0	minecraft:dirt	2
top_slope4	15	0	minecraft:grass_block	20
top_slope4	15	0	minecraft:podzol	5
top_slope4	15	0	minecraft:stone	6
top_slope4	15	1	minecraft:coarse_dirt	3
top_slope4	15	1	minecraft:dark_oak_log	1
top_slope4	15	1	minecraft:grass_block	25
top_slope4	15	1	minecraft:podzol	2
top_slope4	15	1	minecraft:stone	8
top_slope4	15	2	minecraft:dark_oak_log	1
top_slope4	2	0	minecraft:andesite	3
top_slope4	2	0	minecraft:coarse_dirt	2
top_slope4	2	0	minecraft:dirt	57
top_slope4	2	0	minecraft:dirt_path	1
top_slope4	2	1	minecraft:andesite	8
top_slope4	2	1	minecraft:coarse_dirt	27
top_slope4	2	1	minecraft:dirt	165
top_slope4	2	1	minecraft:dirt_path	31
top_slope4	2	1	minecraft:farmland	8
top_slope4	2	1	minecraft:grass_block	1
top_slope4	2	1	minecraft:mossy_cobblestone	2
top_slope4	2	2	minecraft:dirt	3
top_slope4	4	0	minecraft:andesite	9
top_slope4	4	0	minecraft:coarse_dirt	30
top_slope4	4	0	minecraft:dirt	14
top_slope4	4	0	minecraft:dirt_path	4
top_slope4	4	0	minecraft:grass_block	112
top_slope4	4	0	minecraft:gravel	6
top_slope4	4	0	minecraft:horn_coral_fan	1
top_slope4	4	0	minecraft:lily_pad	2
top_slope4	4	0	minecraft:oak_wood	2
top_slope4	4	0	minecraft:podzol	25
top_slope4	4	0	minecraft:sea_pickle	2
top_slope4	4	1	minecraft:andesite	3
top_slope4	4	1	minecraft:coarse_dirt	146
top_slope4	4	1	minecraft:dirt	161
top_slope4	4	1	minecraft:dirt_path	16
top_slope4	4	1	minecraft:grass_block	45
top_slope4	4	1	minecraft:gravel	23
top_slope4	4	1	minecraft:lily_pad	1
top_slope4	4	1	minecraft:oak_wood	1
top_slope4	4	1	minecraft:podzol	1
top_slope4	4	1	minecraft:sugar_cane	4
top_slope4	4	2	minecraft:coarse_dirt	9
top_slope4	4	2	minecraft:dirt	11
top_slope4	4	2	minecraft:dirt_path	3
top_slope4	4	2	minecraft:grass_block	9
top_slope4	4	2	minecraft:podzol	2
top_slope4	6	0	minecraft:andesite	1
top_slope4	6	0	minecraft:coarse_dirt	4
top_slope4	6	0	minecraft:dark_oak_log	2
top_slope4	6	0	minecraft:dirt	5
top_slope4	6	0	minecraft:dirt_path	2
top_slope4	6	0	minecraft:grass_block	418
top_slope4	6	0	minecraft:sea_pickle	1
top_slope4	6	1	minecraft:andesite	1
top_slope4	6	1	minecraft:coarse_dirt	17
top_slope4	6	1	minecraft:dirt	56
top_slope4	6	1	minecraft:dirt_path	6
top_slope4	6	1	minecraft:grass_block	303
top_slope4	6	1	minecraft:sea_pickle	1
top_slope4	6	1	minecraft:sugar_cane	4
top_slope4	6	2	minecraft:coarse_dirt	5
top_slope4	6	2	minecraft:dirt	13
top_slope4	6	2	minecraft:grass_block	4
top_slope4	9	0	minecraft:coarse_dirt	4
top_slope4	9	0	minecraft:dark_oak_log	1
top_slope4	9	0	minecraft:dirt	4
top_slope4	9	0	minecraft:grass_block	337
top_slope4	9	1	minecraft:andesite	1
top_slope4	9	1	minecraft:coarse_dirt	29
top_slope4	9	1	minecraft:dirt	30
top_slope4	9	1	minecraft:grass_block	219
top_slope4	9	1	minecraft:sea_pickle	1
top_slope4	9	2	minecraft:coarse_dirt	14
top_slope4	9	2	minecraft:dirt	5
top_slope4	9	2	minecraft:grass_block	7
top_slope8	0	0	minecraft:andesite	33
top_slope8	0	0	minecraft:dirt	178
top_slope8	0	0	minecraft:mossy_cobblestone	2
top_slope8	0	1	minecraft:dirt	34
top_slope8	11	0	minecraft:coarse_dirt	4
top_slope8	11	0	minecraft:dirt	7
top_slope8	11	0	minecraft:grass_block	129
top_slope8	11	0	minecraft:podzol	10
top_slope8	11	0	minecraft:stone	1
top_slope8	11	1	minecraft:coarse_dirt	1
top_slope8	11	1	minecraft:dirt	7
top_slope8	11	1	minecraft:grass_block	106
top_slope8	11	1	minecraft:podzol	4
top_slope8	13	0	minecraft:dirt	7
top_slope8	13	0	minecraft:grass_block	17
top_slope8	13	0	minecraft:stone	8
top_slope8	13	1	minecraft:dark_oak_log	1
top_slope8	13	1	minecraft:dirt	19
top_slope8	13	1	minecraft:grass_block	60
top_slope8	15	0	minecraft:coarse_dirt	3
top_slope8	15	0	minecraft:dirt	2
top_slope8	15	0	minecraft:grass_block	27
top_slope8	15	0	minecraft:podzol	7
top_slope8	15	0	minecraft:stone	5
top_slope8	15	1	minecraft:coarse_dirt	2
top_slope8	15	1	minecraft:dark_oak_log	4
top_slope8	15	1	minecraft:grass_block	18
top_slope8	15	1	minecraft:stone	9
top_slope8	2	0	minecraft:andesite	8
top_slope8	2	0	minecraft:coarse_dirt	14
top_slope8	2	0	minecraft:dirt	100
top_slope8	2	0	minecraft:dirt_path	14
top_slope8	2	0	minecraft:farmland	6
top_slope8	2	0	minecraft:grass_block	1
top_slope8	2	0	minecraft:mossy_cobblestone	2
top_slope8	2	1	minecraft:andesite	3
top_slope8	2	1	minecraft:coarse_dirt	15
top_slope8	2	1	minecraft:dirt	125
top_slope8	2	1	minecraft:dirt_path	18
top_slope8	2	1	minecraft:farmland	2
top_slope8	4	0	minecraft:andesite	7
top_slope8	4	0	minecraft:coarse_dirt	82
top_slope8	4	0	minecraft:dirt	81
top_slope8	4	0	minecraft:dirt_path	7
top_slope8	4	0	minecraft:grass_block	159
top_slope8	4	0	minecraft:gravel	26
top_slope8	4	0	minecraft:horn_coral_fan	1
top_slope8	4	0	minecraft:lily_pad	3
top_slope8	4	0	minecraft:oak_wood	3
top_slope8	4	0	minecraft:podzol	28
top_slope8	4	0	minecraft:sea_pickle	2
top_slope8	4	0	minecraft:sugar_cane	1
top_slope8	4	1	minecraft:andesite	5
top_slope8	4	1	minecraft:coarse_dirt	103
top_slope8	4	1	minecraft:dirt	105
top_slope8	4	1	minecraft:dirt_path	16
top_slope8	4	1	minecraft:grass_block	7
top_slope8	4	1	minecraft:gravel	3
top_slope8	4	1	minecraft:sugar_cane	3
top_slope8	6	0	minecraft:andesite	2
top_slope8	6	0	minecraft:coarse_dirt	8
top_slope8	6	0	minecraft:dark_oak_log	2
top_slope8	6	0	minecraft:dirt	22
top_slope8	6	0	minecraft:grass_block	459
top_slope8	6	0	minecraft:sea_pickle	2
top_slope8	6	0	minecraft:sugar_cane	2
top_slope8	6	1	minecraft:coarse_dirt	18
top_slope8	6	1	minecraft:dirt	52
top_slope8	6	1	minecraft:dirt_path	8
top_slope8	6	1	minecraft:grass_block	266
top_slope8	6	1	minecraft:sugar_cane	2
top_slope8	9	0	minecraft:coarse_dirt	7
top_slope8	9	0	minecraft:dark_oak_log	1
top_slope8	9	0	minecraft:dirt	6
top_slope8	9	0	minecraft:grass_block	391
top_slope8	9	0	minecraft:sea_pickle	1
top_slope8	9	1	minecraft:andesite	1
top_slope8	9	1	minecraft:coarse_dirt	40
top_slope8	9	1	minecraft:dirt	33
top_slope8	9	1	minecraft:grass_block	172
