population	height_band_8	slope_band_0_10_25_40_55_90	state	count
expected	0	0	minecraft:acacia_wood{axis=y}	11
expected	0	0	minecraft:andesite	3
expected	0	0	minecraft:basalt{axis=y}	5
expected	0	0	minecraft:blackstone	2
expected	0	0	minecraft:cobblestone	20
expected	0	0	minecraft:cyan_terracotta	5
expected	0	0	minecraft:diamond_block	1
expected	0	0	minecraft:dirt	35
expected	0	0	minecraft:grass_block{snowy=false}	3436
expected	0	0	minecraft:gray_wool	1
expected	0	0	minecraft:light_gray_wool	3
expected	0	0	minecraft:moss_block	922
expected	0	0	minecraft:mud	34
expected	0	0	minecraft:pale_moss_block	52
expected	0	0	minecraft:pale_oak_wood{axis=y}	2
expected	0	0	minecraft:smooth_basalt	3
expected	0	0	minecraft:spruce_log{axis=y}	1
expected	0	0	minecraft:stone	82
expected	0	1	minecraft:acacia_wood{axis=y}	145
expected	0	1	minecraft:andesite	40
expected	0	1	minecraft:basalt{axis=y}	52
expected	0	1	minecraft:blackstone	13
expected	0	1	minecraft:coal_ore	1
expected	0	1	minecraft:cobblestone	110
expected	0	1	minecraft:cyan_terracotta	154
expected	0	1	minecraft:diamond_block	126
expected	0	1	minecraft:dirt	57
expected	0	1	minecraft:grass_block{snowy=false}	6703
expected	0	1	minecraft:light_gray_wool	38
expected	0	1	minecraft:moss_block	3612
expected	0	1	minecraft:mud	153
expected	0	1	minecraft:pale_moss_block	350
expected	0	1	minecraft:pale_oak_wood{axis=y}	62
expected	0	1	minecraft:smooth_basalt	33
expected	0	1	minecraft:spruce_log{axis=y}	8
expected	0	1	minecraft:stone	538
expected	0	1	minecraft:tuff	13
expected	0	2	minecraft:acacia_wood{axis=y}	621
expected	0	2	minecraft:andesite	28
expected	0	2	minecraft:basalt{axis=y}	239
expected	0	2	minecraft:black_wool	1
expected	0	2	minecraft:blackstone	57
expected	0	2	minecraft:cobblestone	269
expected	0	2	minecraft:cyan_terracotta	528
expected	0	2	minecraft:diamond_block	237
expected	0	2	minecraft:dirt	47
expected	0	2	minecraft:grass_block{snowy=false}	2631
expected	0	2	minecraft:gray_wool	6
expected	0	2	minecraft:iron_ore	1
expected	0	2	minecraft:light_gray_wool	58
expected	0	2	minecraft:moss_block	2329
expected	0	2	minecraft:mud	592
expected	0	2	minecraft:pale_moss_block	1170
expected	0	2	minecraft:pale_oak_wood{axis=y}	209
expected	0	2	minecraft:smooth_basalt	177
expected	0	2	minecraft:spruce_log{axis=y}	9
expected	0	2	minecraft:stone	1239
expected	0	2	minecraft:tuff	56
expected	0	3	minecraft:acacia_wood{axis=y}	647
expected	0	3	minecraft:andesite	19
expected	0	3	minecraft:basalt{axis=y}	148
expected	0	3	minecraft:black_wool	9
expected	0	3	minecraft:blackstone	110
expected	0	3	minecraft:cobblestone	213
expected	0	3	minecraft:cyan_terracotta	625
expected	0	3	minecraft:diamond_block	32
expected	0	3	minecraft:dirt	7
expected	0	3	minecraft:grass_block{snowy=false}	386
expected	0	3	minecraft:gray_wool	12
expected	0	3	minecraft:light_gray_wool	12
expected	0	3	minecraft:moss_block	285
expected	0	3	minecraft:mud	448
expected	0	3	minecraft:netherrack	4
expected	0	3	minecraft:pale_moss_block	904
expected	0	3	minecraft:pale_oak_wood{axis=y}	123
expected	0	3	minecraft:smooth_basalt	123
expected	0	3	minecraft:spruce_log{axis=y}	1
expected	0	3	minecraft:stone	738
expected	0	3	minecraft:tuff	20
expected	0	4	minecraft:acacia_wood{axis=y}	120
expected	0	4	minecraft:andesite	2
expected	0	4	minecraft:basalt{axis=y}	56
expected	0	4	minecraft:black_wool	3
expected	0	4	minecraft:blackstone	22
expected	0	4	minecraft:cobblestone	95
expected	0	4	minecraft:cyan_terracotta	173
expected	0	4	minecraft:diamond_block	1
expected	0	4	minecraft:grass_block{snowy=false}	107
expected	0	4	minecraft:light_gray_wool	1
expected	0	4	minecraft:moss_block	33
expected	0	4	minecraft:mud	137
expected	0	4	minecraft:pale_moss_block	169
expected	0	4	minecraft:pale_oak_wood{axis=y}	38
expected	0	4	minecraft:smooth_basalt	43
expected	0	4	minecraft:spruce_log{axis=y}	4
expected	0	4	minecraft:stone	143
expected	1	0	minecraft:acacia_wood{axis=y}	11
expected	1	0	minecraft:andesite	2
expected	1	0	minecraft:basalt{axis=y}	6
expected	1	0	minecraft:cyan_terracotta	6
expected	1	0	minecraft:dirt	12
expected	1	0	minecraft:grass_block{snowy=false}	641
expected	1	0	minecraft:moss_block	171
expected	1	0	minecraft:mud	4
expected	1	0	minecraft:pale_moss_block	2
expected	1	0	minecraft:pale_oak_wood{axis=y}	1
expected	1	0	minecraft:smooth_basalt	21
expected	1	0	minecraft:stone	25
expected	1	1	minecraft:acacia_wood{axis=y}	102
expected	1	1	minecraft:andesite	14
expected	1	1	minecraft:basalt{axis=y}	20
expected	1	1	minecraft:black_wool	3
expected	1	1	minecraft:blackstone	7
expected	1	1	minecraft:cobblestone	47
expected	1	1	minecraft:cyan_terracotta	83
expected	1	1	minecraft:diamond_block	4
expected	1	1	minecraft:dirt	12
expected	1	1	minecraft:grass_block{snowy=false}	1264
expected	1	1	minecraft:gray_wool	5
expected	1	1	minecraft:light_gray_wool	19
expected	1	1	minecraft:moss_block	829
expected	1	1	minecraft:mud	55
expected	1	1	minecraft:pale_moss_block	132
expected	1	1	minecraft:pale_oak_wood{axis=y}	26
expected	1	1	minecraft:smooth_basalt	30
expected	1	1	minecraft:stone	211
expected	1	1	minecraft:tuff	5
expected	1	2	minecraft:acacia_wood{axis=y}	682
expected	1	2	minecraft:andesite	130
expected	1	2	minecraft:basalt{axis=y}	100
expected	1	2	minecraft:black_wool	19
expected	1	2	minecraft:blackstone	33
expected	1	2	minecraft:cobblestone	517
expected	1	2	minecraft:cyan_terracotta	559
expected	1	2	minecraft:diamond_block	35
expected	1	2	minecraft:dirt	6
expected	1	2	minecraft:grass_block{snowy=false}	1499
expected	1	2	minecraft:gray_wool	18
expected	1	2	minecraft:light_gray_wool	80
expected	1	2	minecraft:moss_block	1235
expected	1	2	minecraft:mud	396
expected	1	2	minecraft:pale_moss_block	1411
expected	1	2	minecraft:pale_oak_wood{axis=y}	139
expected	1	2	minecraft:smooth_basalt	80
expected	1	2	minecraft:stone	1698
expected	1	2	minecraft:tuff	24
expected	1	3	minecraft:acacia_wood{axis=y}	1211
expected	1	3	minecraft:andesite	123
expected	1	3	minecraft:basalt{axis=y}	143
expected	1	3	minecraft:black_wool	12
expected	1	3	minecraft:blackstone	80
expected	1	3	minecraft:cobblestone	538
expected	1	3	minecraft:cyan_terracotta	745
expected	1	3	minecraft:diamond_block	9
expected	1	3	minecraft:dirt	1
expected	1	3	minecraft:grass_block{snowy=false}	302
expected	1	3	minecraft:light_gray_wool	84
expected	1	3	minecraft:moss_block	148
expected	1	3	minecraft:mud	682
expected	1	3	minecraft:pale_moss_block	1152
expected	1	3	minecraft:pale_oak_wood{axis=y}	250
expected	1	3	minecraft:smooth_basalt	215
expected	1	3	minecraft:stone	1800
expected	1	3	minecraft:tuff	8
expected	1	4	minecraft:acacia_wood{axis=y}	454
expected	1	4	minecraft:andesite	31
expected	1	4	minecraft:basalt{axis=y}	61
expected	1	4	minecraft:black_wool	16
expected	1	4	minecraft:blackstone	53
expected	1	4	minecraft:cobblestone	144
expected	1	4	minecraft:cyan_terracotta	317
expected	1	4	minecraft:grass_block{snowy=false}	9
expected	1	4	minecraft:light_gray_wool	29
expected	1	4	minecraft:moss_block	24
expected	1	4	minecraft:mud	205
expected	1	4	minecraft:pale_moss_block	256
expected	1	4	minecraft:pale_oak_wood{axis=y}	113
expected	1	4	minecraft:smooth_basalt	98
expected	1	4	minecraft:stone	600
expected	2	0	minecraft:acacia_wood{axis=y}	28
expected	2	0	minecraft:basalt{axis=y}	1
expected	2	0	minecraft:blackstone	3
expected	2	0	minecraft:cyan_terracotta	7
expected	2	0	minecraft:dirt	6
expected	2	0	minecraft:grass_block{snowy=false}	19
expected	2	0	minecraft:gray_wool	12
expected	2	0	minecraft:moss_block	44
expected	2	0	minecraft:mud	9
expected	2	0	minecraft:pale_moss_block	29
expected	2	0	minecraft:pale_oak_wood{axis=y}	2
expected	2	0	minecraft:smooth_basalt	3
expected	2	0	minecraft:stone	30
expected	2	1	minecraft:acacia_wood{axis=y}	222
expected	2	1	minecraft:andesite	2
expected	2	1	minecraft:basalt{axis=y}	33
expected	2	1	minecraft:black_wool	2
expected	2	1	minecraft:blackstone	11
expected	2	1	minecraft:cobblestone	61
expected	2	1	minecraft:cyan_terracotta	76
expected	2	1	minecraft:dirt	57
expected	2	1	minecraft:grass_block{snowy=false}	251
expected	2	1	minecraft:gray_wool	57
expected	2	1	minecraft:light_gray_wool	2
expected	2	1	minecraft:moss_block	445
expected	2	1	minecraft:mud	71
expected	2	1	minecraft:pale_moss_block	203
expected	2	1	minecraft:pale_oak_wood{axis=y}	27
expected	2	1	minecraft:smooth_basalt	21
expected	2	1	minecraft:stone	380
expected	2	2	minecraft:acacia_wood{axis=y}	999
expected	2	2	minecraft:andesite	91
expected	2	2	minecraft:basalt{axis=y}	119
expected	2	2	minecraft:black_wool	2
expected	2	2	minecraft:blackstone	24
expected	2	2	minecraft:cobblestone	369
expected	2	2	minecraft:cyan_terracotta	432
expected	2	2	minecraft:dirt	34
expected	2	2	minecraft:grass_block{snowy=false}	449
expected	2	2	minecraft:grass_block{snowy=true}	3
expected	2	2	minecraft:gray_wool	33
expected	2	2	minecraft:light_gray_wool	77
expected	2	2	minecraft:moss_block	359
expected	2	2	minecraft:mud	259
expected	2	2	minecraft:pale_moss_block	1690
expected	2	2	minecraft:pale_oak_wood{axis=y}	141
expected	2	2	minecraft:smooth_basalt	58
expected	2	2	minecraft:stone	2065
expected	2	2	minecraft:tuff	24
expected	2	3	minecraft:acacia_wood{axis=y}	1175
expected	2	3	minecraft:andesite	103
expected	2	3	minecraft:basalt{axis=y}	247
expected	2	3	minecraft:black_wool	8
expected	2	3	minecraft:blackstone	76
expected	2	3	minecraft:cobblestone	463
expected	2	3	minecraft:cyan_terracotta	775
expected	2	3	minecraft:dirt	9
expected	2	3	minecraft:dripstone_block	7
expected	2	3	minecraft:grass_block{snowy=false}	206
expected	2	3	minecraft:grass_block{snowy=true}	1
expected	2	3	minecraft:gray_wool	76
expected	2	3	minecraft:light_gray_wool	99
expected	2	3	minecraft:moss_block	20
expected	2	3	minecraft:mud	455
expected	2	3	minecraft:pale_moss_block	1647
expected	2	3	minecraft:pale_oak_wood{axis=y}	178
expected	2	3	minecraft:smooth_basalt	105
expected	2	3	minecraft:stone	2102
expected	2	3	minecraft:tuff	58
expected	2	4	minecraft:acacia_wood{axis=y}	427
expected	2	4	minecraft:andesite	13
expected	2	4	minecraft:basalt{axis=y}	111
expected	2	4	minecraft:blackstone	21
expected	2	4	minecraft:coal_ore	1
expected	2	4	minecraft:cobblestone	78
expected	2	4	minecraft:cyan_terracotta	393
expected	2	4	minecraft:dirt	3
expected	2	4	minecraft:dripstone_block	28
expected	2	4	minecraft:grass_block{snowy=false}	13
expected	2	4	minecraft:gravel	5
expected	2	4	minecraft:gray_wool	58
expected	2	4	minecraft:light_gray_wool	18
expected	2	4	minecraft:mud	189
expected	2	4	minecraft:pale_moss_block	319
expected	2	4	minecraft:pale_oak_wood{axis=y}	80
expected	2	4	minecraft:smooth_basalt	106
expected	2	4	minecraft:stone	391
expected	2	4	minecraft:tuff	19
expected	3	0	minecraft:acacia_wood{axis=y}	1
expected	3	0	minecraft:andesite	1
expected	3	0	minecraft:basalt{axis=y}	1
expected	3	0	minecraft:blackstone	1
expected	3	0	minecraft:moss_block	7
expected	3	0	minecraft:mud	1
expected	3	0	minecraft:pale_moss_block	3
expected	3	0	minecraft:stone	13
expected	3	1	minecraft:acacia_wood{axis=y}	107
expected	3	1	minecraft:andesite	46
expected	3	1	minecraft:basalt{axis=y}	13
expected	3	1	minecraft:cobblestone	61
expected	3	1	minecraft:cyan_terracotta	32
expected	3	1	minecraft:dirt	3
expected	3	1	minecraft:iron_ore	1
expected	3	1	minecraft:light_gray_wool	9
expected	3	1	minecraft:moss_block	213
expected	3	1	minecraft:mud	31
expected	3	1	minecraft:pale_moss_block	108
expected	3	1	minecraft:pale_oak_wood{axis=y}	11
expected	3	1	minecraft:smooth_basalt	1
expected	3	1	minecraft:stone	429
expected	3	2	minecraft:acacia_wood{axis=y}	660
expected	3	2	minecraft:andesite	135
expected	3	2	minecraft:basalt{axis=y}	46
expected	3	2	minecraft:blackstone	2
expected	3	2	minecraft:coal_ore	1
expected	3	2	minecraft:cobblestone	705
expected	3	2	minecraft:cyan_terracotta	260
expected	3	2	minecraft:dirt	31
expected	3	2	minecraft:dripstone_block	1
expected	3	2	minecraft:gray_wool	10
expected	3	2	minecraft:iron_ore	4
expected	3	2	minecraft:light_gray_wool	54
expected	3	2	minecraft:moss_block	297
expected	3	2	minecraft:mud	241
expected	3	2	minecraft:pale_moss_block	1312
expected	3	2	minecraft:pale_oak_wood{axis=y}	78
expected	3	2	minecraft:smooth_basalt	41
expected	3	2	minecraft:stone	2123
expected	3	3	minecraft:acacia_wood{axis=y}	1135
expected	3	3	minecraft:acacia_wood{axis=z}	1
expected	3	3	minecraft:andesite	149
expected	3	3	minecraft:basalt{axis=y}	212
expected	3	3	minecraft:black_wool	5
expected	3	3	minecraft:blackstone	42
expected	3	3	minecraft:coal_ore	1
expected	3	3	minecraft:cobblestone	611
expected	3	3	minecraft:cyan_terracotta	679
expected	3	3	minecraft:dirt	37
expected	3	3	minecraft:grass_block{snowy=false}	2
expected	3	3	minecraft:grass_block{snowy=true}	1
expected	3	3	minecraft:iron_ore	5
expected	3	3	minecraft:light_gray_terracotta	2
expected	3	3	minecraft:light_gray_wool	108
expected	3	3	minecraft:moss_block	5
expected	3	3	minecraft:mud	398
expected	3	3	minecraft:pale_moss_block	1401
expected	3	3	minecraft:pale_oak_wood{axis=y}	308
expected	3	3	minecraft:smooth_basalt	89
expected	3	3	minecraft:stone	2450
expected	3	3	minecraft:tuff	37
expected	3	4	minecraft:acacia_wood{axis=y}	461
expected	3	4	minecraft:andesite	3
expected	3	4	minecraft:basalt{axis=y}	103
expected	3	4	minecraft:black_wool	1
expected	3	4	minecraft:blackstone	31
expected	3	4	minecraft:coal_ore	7
expected	3	4	minecraft:cobblestone	72
expected	3	4	minecraft:cyan_terracotta	443
expected	3	4	minecraft:dirt	16
expected	3	4	minecraft:dripstone_block	5
expected	3	4	minecraft:grass_block{snowy=true}	1
expected	3	4	minecraft:gravel	7
expected	3	4	minecraft:iron_ore	6
expected	3	4	minecraft:light_gray_wool	37
expected	3	4	minecraft:moss_block	2
expected	3	4	minecraft:mud	234
expected	3	4	minecraft:pale_moss_block	343
expected	3	4	minecraft:pale_oak_wood{axis=y}	124
expected	3	4	minecraft:smooth_basalt	33
expected	3	4	minecraft:stone	914
expected	3	4	minecraft:tuff	8
expected	4	0	minecraft:andesite	1
expected	4	0	minecraft:cobblestone	1
expected	4	0	minecraft:pale_moss_block	13
expected	4	0	minecraft:stone	144
expected	4	1	minecraft:acacia_wood{axis=y}	59
expected	4	1	minecraft:andesite	22
expected	4	1	minecraft:basalt{axis=y}	14
expected	4	1	minecraft:coal_ore	1
expected	4	1	minecraft:cobblestone	196
expected	4	1	minecraft:cyan_terracotta	30
expected	4	1	minecraft:dripstone_block	1
expected	4	1	minecraft:light_gray_wool	1
expected	4	1	minecraft:moss_block	2
expected	4	1	minecraft:mud	10
expected	4	1	minecraft:pale_moss_block	244
expected	4	1	minecraft:pale_oak_wood{axis=y}	14
expected	4	1	minecraft:snow[layers=1]	1
expected	4	1	minecraft:stone	570
expected	4	2	minecraft:acacia_wood{axis=y}	270
expected	4	2	minecraft:andesite	142
expected	4	2	minecraft:basalt{axis=y}	44
expected	4	2	minecraft:black_wool	1
expected	4	2	minecraft:coal_ore	1
expected	4	2	minecraft:coarse_dirt	3
expected	4	2	minecraft:cobblestone	1493
expected	4	2	minecraft:cyan_terracotta	67
expected	4	2	minecraft:dirt	2
expected	4	2	minecraft:dripstone_block	5
expected	4	2	minecraft:gravel	1
expected	4	2	minecraft:iron_ore	2
expected	4	2	minecraft:light_gray_terracotta	2
expected	4	2	minecraft:light_gray_wool	53
expected	4	2	minecraft:moss_block	3
expected	4	2	minecraft:mud	212
expected	4	2	minecraft:packed_mud	10
expected	4	2	minecraft:pale_moss_block	906
expected	4	2	minecraft:pale_oak_wood{axis=y}	33
expected	4	2	minecraft:smooth_basalt	4
expected	4	2	minecraft:snow[layers=1]	37
expected	4	2	minecraft:snow[layers=2]	2
expected	4	2	minecraft:stone	1578
expected	4	3	minecraft:acacia_wood{axis=y}	819
expected	4	3	minecraft:andesite	136
expected	4	3	minecraft:basalt{axis=y}	80
expected	4	3	minecraft:blackstone	5
expected	4	3	minecraft:coal_ore	7
expected	4	3	minecraft:coarse_dirt	11
expected	4	3	minecraft:cobblestone	1088
expected	4	3	minecraft:cyan_terracotta	484
expected	4	3	minecraft:dripstone_block	20
expected	4	3	minecraft:granite	1
expected	4	3	minecraft:gravel	1
expected	4	3	minecraft:iron_ore	1
expected	4	3	minecraft:light_gray_terracotta	9
expected	4	3	minecraft:light_gray_wool	74
expected	4	3	minecraft:mud	196
expected	4	3	minecraft:packed_mud	13
expected	4	3	minecraft:pale_moss_block	1110
expected	4	3	minecraft:pale_oak_wood{axis=y}	164
expected	4	3	minecraft:smooth_basalt	11
expected	4	3	minecraft:snow[layers=1]	27
expected	4	3	minecraft:snow[layers=2]	1
expected	4	3	minecraft:stone	1602
expected	4	4	minecraft:acacia_wood{axis=y}	457
expected	4	4	minecraft:andesite	47
expected	4	4	minecraft:basalt{axis=y}	47
expected	4	4	minecraft:black_wool	1
expected	4	4	minecraft:blackstone	20
expected	4	4	minecraft:coal_ore	3
expected	4	4	minecraft:cobblestone	118
expected	4	4	minecraft:cyan_terracotta	304
expected	4	4	minecraft:dirt	1
expected	4	4	minecraft:gravel	9
expected	4	4	minecraft:iron_ore	4
expected	4	4	minecraft:light_gray_wool	25
expected	4	4	minecraft:mud	176
expected	4	4	minecraft:pale_moss_block	163
expected	4	4	minecraft:pale_oak_wood{axis=y}	143
expected	4	4	minecraft:smooth_basalt	44
expected	4	4	minecraft:snow[layers=1]	1
expected	4	4	minecraft:stone	598
expected	5	0	minecraft:coal_ore	4
expected	5	0	minecraft:cobblestone	21
expected	5	0	minecraft:dirt	3
expected	5	0	minecraft:stone	6
expected	5	1	minecraft:acacia_wood{axis=y}	4
expected	5	1	minecraft:cobblestone	557
expected	5	1	minecraft:dirt	17
expected	5	1	minecraft:pale_moss_block	10
expected	5	1	minecraft:smooth_basalt	1
expected	5	1	minecraft:snow[layers=1]	9
expected	5	1	minecraft:snow[layers=2]	35
expected	5	1	minecraft:snow[layers=3]	33
expected	5	1	minecraft:snow[layers=4]	37
expected	5	1	minecraft:snow[layers=5]	14
expected	5	1	minecraft:stone	30
expected	5	2	minecraft:acacia_wood{axis=y}	62
expected	5	2	minecraft:andesite	12
expected	5	2	minecraft:basalt{axis=y}	7
expected	5	2	minecraft:coal_ore	4
expected	5	2	minecraft:coarse_dirt	1
expected	5	2	minecraft:cobblestone	1958
expected	5	2	minecraft:cyan_terracotta	26
expected	5	2	minecraft:dirt	24
expected	5	2	minecraft:granite	5
expected	5	2	minecraft:light_gray_terracotta	3
expected	5	2	minecraft:light_gray_wool	1
expected	5	2	minecraft:mud	5
expected	5	2	minecraft:pale_moss_block	107
expected	5	2	minecraft:pale_oak_wood{axis=y}	4
expected	5	2	minecraft:smooth_basalt	1
expected	5	2	minecraft:snow[layers=1]	82
expected	5	2	minecraft:snow[layers=2]	186
expected	5	2	minecraft:snow[layers=3]	196
expected	5	2	minecraft:snow[layers=4]	175
expected	5	2	minecraft:snow[layers=5]	66
expected	5	2	minecraft:stone	235
expected	5	3	minecraft:acacia_wood{axis=y}	504
expected	5	3	minecraft:acacia_wood{axis=z}	2
expected	5	3	minecraft:andesite	57
expected	5	3	minecraft:basalt{axis=y}	123
expected	5	3	minecraft:black_wool	3
expected	5	3	minecraft:blackstone	3
expected	5	3	minecraft:coal_ore	1
expected	5	3	minecraft:coarse_dirt	3
expected	5	3	minecraft:cobblestone	1064
expected	5	3	minecraft:cyan_terracotta	442
expected	5	3	minecraft:dirt	11
expected	5	3	minecraft:granite	6
expected	5	3	minecraft:gravel	6
expected	5	3	minecraft:gray_wool	1
expected	5	3	minecraft:iron_ore	2
expected	5	3	minecraft:light_gray_terracotta	3
expected	5	3	minecraft:light_gray_wool	26
expected	5	3	minecraft:mud	107
expected	5	3	minecraft:pale_moss_block	884
expected	5	3	minecraft:pale_oak_wood{axis=x}	3
expected	5	3	minecraft:pale_oak_wood{axis=y}	94
expected	5	3	minecraft:pale_oak_wood{axis=z}	10
expected	5	3	minecraft:smooth_basalt	29
expected	5	3	minecraft:snow[layers=1]	50
expected	5	3	minecraft:snow[layers=2]	75
expected	5	3	minecraft:snow[layers=3]	69
expected	5	3	minecraft:snow[layers=4]	25
expected	5	3	minecraft:snow[layers=5]	12
expected	5	3	minecraft:stone	996
expected	5	3	minecraft:tuff	2
expected	5	4	minecraft:acacia_wood{axis=y}	252
expected	5	4	minecraft:andesite	25
expected	5	4	minecraft:basalt{axis=y}	86
expected	5	4	minecraft:blackstone	2
expected	5	4	minecraft:cobblestone	39
expected	5	4	minecraft:cyan_terracotta	278
expected	5	4	minecraft:dirt	1
expected	5	4	minecraft:gravel	5
expected	5	4	minecraft:light_gray_wool	2
expected	5	4	minecraft:mud	73
expected	5	4	minecraft:pale_moss_block	167
expected	5	4	minecraft:pale_oak_wood{axis=y}	36
expected	5	4	minecraft:smooth_basalt	15
expected	5	4	minecraft:snow[layers=1]	2
expected	5	4	minecraft:snow[layers=3]	5
expected	5	4	minecraft:stone	272
expected	6	1	minecraft:acacia_wood{axis=y}	2
expected	6	1	minecraft:andesite	1
expected	6	1	minecraft:cobblestone	88
expected	6	1	minecraft:cyan_terracotta	1
expected	6	1	minecraft:mud	1
expected	6	1	minecraft:pale_moss_block	1
expected	6	1	minecraft:snow[layers=1]	5
expected	6	1	minecraft:snow[layers=2]	3
expected	6	1	minecraft:snow[layers=3]	5
expected	6	1	minecraft:snow[layers=4]	2
expected	6	1	minecraft:snow[layers=5]	156
expected	6	1	minecraft:stone	6
expected	6	2	minecraft:acacia_wood{axis=y}	52
expected	6	2	minecraft:andesite	3
expected	6	2	minecraft:basalt{axis=y}	2
expected	6	2	minecraft:black_wool	1
expected	6	2	minecraft:blackstone	1
expected	6	2	minecraft:cobblestone	1083
expected	6	2	minecraft:cyan_terracotta	34
expected	6	2	minecraft:dripstone_block	2
expected	6	2	minecraft:light_gray_terracotta	3
expected	6	2	minecraft:mud	40
expected	6	2	minecraft:pale_moss_block	105
expected	6	2	minecraft:pale_oak_wood{axis=x}	2
expected	6	2	minecraft:pale_oak_wood{axis=y}	9
expected	6	2	minecraft:pale_oak_wood{axis=z}	2
expected	6	2	minecraft:smooth_basalt	4
expected	6	2	minecraft:snow[layers=1]	9
expected	6	2	minecraft:snow[layers=2]	53
expected	6	2	minecraft:snow[layers=3]	41
expected	6	2	minecraft:snow[layers=4]	20
expected	6	2	minecraft:snow[layers=5]	1053
expected	6	2	minecraft:stone	139
expected	6	2	minecraft:tuff	1
expected	6	3	minecraft:acacia_wood{axis=y}	340
expected	6	3	minecraft:andesite	14
expected	6	3	minecraft:basalt{axis=y}	23
expected	6	3	minecraft:blackstone	8
expected	6	3	minecraft:coal_ore	1
expected	6	3	minecraft:cobblestone	739
expected	6	3	minecraft:cyan_terracotta	231
expected	6	3	minecraft:dripstone_block	3
expected	6	3	minecraft:light_gray_terracotta	10
expected	6	3	minecraft:light_gray_wool	90
expected	6	3	minecraft:mud	88
expected	6	3	minecraft:pale_moss_block	461
expected	6	3	minecraft:pale_oak_wood{axis=x}	1
expected	6	3	minecraft:pale_oak_wood{axis=y}	94
expected	6	3	minecraft:pale_oak_wood{axis=z}	1
expected	6	3	minecraft:smooth_basalt	10
expected	6	3	minecraft:snow[layers=1]	6
expected	6	3	minecraft:snow[layers=2]	24
expected	6	3	minecraft:snow[layers=3]	26
expected	6	3	minecraft:snow[layers=4]	16
expected	6	3	minecraft:snow[layers=5]	199
expected	6	3	minecraft:stone	782
expected	6	3	minecraft:tuff	2
expected	6	4	minecraft:acacia_wood{axis=y}	84
expected	6	4	minecraft:andesite	2
expected	6	4	minecraft:basalt{axis=y}	19
expected	6	4	minecraft:blackstone	1
expected	6	4	minecraft:cobblestone	98
expected	6	4	minecraft:cyan_terracotta	35
expected	6	4	minecraft:light_gray_wool	30
expected	6	4	minecraft:mud	13
expected	6	4	minecraft:pale_moss_block	120
expected	6	4	minecraft:pale_oak_wood{axis=y}	20
expected	6	4	minecraft:snow[layers=3]	2
expected	6	4	minecraft:snow[layers=4]	2
expected	6	4	minecraft:snow[layers=5]	1
expected	6	4	minecraft:stone	148
expected	7	0	minecraft:acacia_wood{axis=y}	1
expected	7	0	minecraft:cobblestone	14
expected	7	0	minecraft:snow[layers=5]	174
expected	7	0	minecraft:stone	26
expected	7	1	minecraft:acacia_wood{axis=y}	3
expected	7	1	minecraft:coal_ore	2
expected	7	1	minecraft:cobblestone	76
expected	7	1	minecraft:cyan_terracotta	1
expected	7	1	minecraft:iron_ore	1
expected	7	1	minecraft:light_gray_wool	4
expected	7	1	minecraft:mud	1
expected	7	1	minecraft:pale_moss_block	19
expected	7	1	minecraft:pale_oak_wood{axis=y}	1
expected	7	1	minecraft:snow[layers=2]	13
expected	7	1	minecraft:snow[layers=3]	14
expected	7	1	minecraft:snow[layers=4]	1
expected	7	1	minecraft:snow[layers=5]	804
expected	7	1	minecraft:stone	77
expected	7	2	minecraft:acacia_wood{axis=y}	45
expected	7	2	minecraft:andesite	3
expected	7	2	minecraft:basalt{axis=y}	7
expected	7	2	minecraft:blackstone	2
expected	7	2	minecraft:cobblestone	355
expected	7	2	minecraft:cyan_terracotta	16
expected	7	2	minecraft:light_gray_wool	23
expected	7	2	minecraft:mud	19
expected	7	2	minecraft:pale_moss_block	90
expected	7	2	minecraft:pale_oak_wood{axis=y}	12
expected	7	2	minecraft:snow[layers=1]	1
expected	7	2	minecraft:snow[layers=2]	30
expected	7	2	minecraft:snow[layers=3]	58
expected	7	2	minecraft:snow[layers=4]	9
expected	7	2	minecraft:snow[layers=5]	513
expected	7	2	minecraft:stone	166
expected	7	3	minecraft:acacia_wood{axis=y}	179
expected	7	3	minecraft:andesite	39
expected	7	3	minecraft:basalt{axis=y}	13
expected	7	3	minecraft:blackstone	4
expected	7	3	minecraft:cobblestone	239
expected	7	3	minecraft:cyan_terracotta	57
expected	7	3	minecraft:light_gray_wool	239
expected	7	3	minecraft:mud	33
expected	7	3	minecraft:pale_moss_block	114
expected	7	3	minecraft:pale_oak_wood{axis=y}	39
expected	7	3	minecraft:smooth_basalt	5
expected	7	3	minecraft:snow[layers=1]	3
expected	7	3	minecraft:snow[layers=2]	23
expected	7	3	minecraft:snow[layers=3]	27
expected	7	3	minecraft:snow[layers=4]	13
expected	7	3	minecraft:snow[layers=5]	131
expected	7	3	minecraft:stone	286
expected	7	4	minecraft:acacia_wood{axis=y}	37
expected	7	4	minecraft:andesite	11
expected	7	4	minecraft:cobblestone	57
expected	7	4	minecraft:cyan_terracotta	19
expected	7	4	minecraft:light_gray_wool	35
expected	7	4	minecraft:mud	9
expected	7	4	minecraft:pale_moss_block	9
expected	7	4	minecraft:pale_oak_wood{axis=y}	8
expected	7	4	minecraft:stone	47
actual	0	0	minecraft:acacia_wood{axis=y}	18
actual	0	0	minecraft:andesite	2
actual	0	0	minecraft:basalt{axis=y}	8
actual	0	0	minecraft:blackstone	2
actual	0	0	minecraft:cobblestone	1
actual	0	0	minecraft:cyan_terracotta	11
actual	0	0	minecraft:diamond_block	2
actual	0	0	minecraft:dirt	24
actual	0	0	minecraft:grass_block{snowy=false}	3738
actual	0	0	minecraft:moss_block	723
actual	0	0	minecraft:mud	19
actual	0	0	minecraft:pale_moss_block	31
actual	0	0	minecraft:pale_oak_wood{axis=y}	4
actual	0	0	minecraft:smooth_basalt	5
actual	0	0	minecraft:stone	28
actual	0	0	minecraft:tuff	2
actual	0	1	minecraft:acacia_wood{axis=y}	142
actual	0	1	minecraft:andesite	16
actual	0	1	minecraft:basalt{axis=y}	51
actual	0	1	minecraft:black_wool	1
actual	0	1	minecraft:blackstone	13
actual	0	1	minecraft:coal_ore	1
actual	0	1	minecraft:cobblestone	41
actual	0	1	minecraft:cyan_terracotta	126
actual	0	1	minecraft:diamond_block	84
actual	0	1	minecraft:dirt	62
actual	0	1	minecraft:grass_block{snowy=false}	7717
actual	0	1	minecraft:light_gray_wool	23
actual	0	1	minecraft:moss_block	3126
actual	0	1	minecraft:mud	154
actual	0	1	minecraft:pale_moss_block	267
actual	0	1	minecraft:pale_oak_wood{axis=y}	72
actual	0	1	minecraft:smooth_basalt	32
actual	0	1	minecraft:stone	260
actual	0	1	minecraft:tuff	20
actual	0	2	minecraft:acacia_wood{axis=y}	567
actual	0	2	minecraft:andesite	13
actual	0	2	minecraft:basalt{axis=y}	230
actual	0	2	minecraft:black_wool	2
actual	0	2	minecraft:blackstone	46
actual	0	2	minecraft:cobblestone	198
actual	0	2	minecraft:cyan_terracotta	507
actual	0	2	minecraft:diamond_block	186
actual	0	2	minecraft:dirt	52
actual	0	2	minecraft:grass_block{snowy=false}	3079
actual	0	2	minecraft:light_gray_wool	51
actual	0	2	minecraft:moss_block	2597
actual	0	2	minecraft:mud	527
actual	0	2	minecraft:pale_moss_block	1104
actual	0	2	minecraft:pale_oak_wood{axis=y}	197
actual	0	2	minecraft:smooth_basalt	169
actual	0	2	minecraft:stone	928
actual	0	2	minecraft:tuff	51
actual	0	3	minecraft:acacia_wood{axis=y}	554
actual	0	3	minecraft:andesite	6
actual	0	3	minecraft:basalt{axis=y}	138
actual	0	3	minecraft:blackstone	90
actual	0	3	minecraft:cobblestone	175
actual	0	3	minecraft:cyan_terracotta	555
actual	0	3	minecraft:diamond_block	36
actual	0	3	minecraft:dirt	11
actual	0	3	minecraft:grass_block{snowy=false}	652
actual	0	3	minecraft:light_gray_wool	28
actual	0	3	minecraft:moss_block	526
actual	0	3	minecraft:mud	353
actual	0	3	minecraft:netherrack	4
actual	0	3	minecraft:pale_moss_block	813
actual	0	3	minecraft:pale_oak_wood{axis=y}	103
actual	0	3	minecraft:smooth_basalt	102
actual	0	3	minecraft:stone	701
actual	0	3	minecraft:tuff	19
actual	0	4	minecraft:acacia_wood{axis=y}	134
actual	0	4	minecraft:andesite	1
actual	0	4	minecraft:basalt{axis=y}	60
actual	0	4	minecraft:black_wool	1
actual	0	4	minecraft:blackstone	18
actual	0	4	minecraft:cobblestone	72
actual	0	4	minecraft:cyan_terracotta	186
actual	0	4	minecraft:diamond_block	1
actual	0	4	minecraft:dirt	1
actual	0	4	minecraft:grass_block{snowy=false}	137
actual	0	4	minecraft:light_gray_wool	7
actual	0	4	minecraft:moss_block	65
actual	0	4	minecraft:mud	98
actual	0	4	minecraft:pale_moss_block	161
actual	0	4	minecraft:pale_oak_wood{axis=y}	31
actual	0	4	minecraft:smooth_basalt	27
actual	0	4	minecraft:stone	147
actual	1	0	minecraft:acacia_wood{axis=y}	11
actual	1	0	minecraft:andesite	2
actual	1	0	minecraft:basalt{axis=y}	6
actual	1	0	minecraft:cyan_terracotta	7
actual	1	0	minecraft:dirt	3
actual	1	0	minecraft:grass_block{snowy=false}	639
actual	1	0	minecraft:moss_block	181
actual	1	0	minecraft:mud	4
actual	1	0	minecraft:pale_moss_block	2
actual	1	0	minecraft:pale_oak_wood{axis=y}	1
actual	1	0	minecraft:smooth_basalt	21
actual	1	0	minecraft:stone	25
actual	1	1	minecraft:acacia_wood{axis=y}	111
actual	1	1	minecraft:andesite	14
actual	1	1	minecraft:basalt{axis=y}	20
actual	1	1	minecraft:black_wool	3
actual	1	1	minecraft:blackstone	7
actual	1	1	minecraft:cobblestone	44
actual	1	1	minecraft:cyan_terracotta	92
actual	1	1	minecraft:diamond_block	4
actual	1	1	minecraft:dirt	9
actual	1	1	minecraft:grass_block{snowy=false}	1294
actual	1	1	minecraft:gray_wool	7
actual	1	1	minecraft:light_gray_wool	19
actual	1	1	minecraft:moss_block	787
actual	1	1	minecraft:mud	45
actual	1	1	minecraft:pale_moss_block	137
actual	1	1	minecraft:pale_oak_wood{axis=y}	26
actual	1	1	minecraft:smooth_basalt	30
actual	1	1	minecraft:stone	214
actual	1	1	minecraft:tuff	5
actual	1	2	minecraft:acacia_wood{axis=y}	688
actual	1	2	minecraft:andesite	131
actual	1	2	minecraft:basalt{axis=y}	100
actual	1	2	minecraft:black_wool	19
actual	1	2	minecraft:blackstone	33
actual	1	2	minecraft:cobblestone	512
actual	1	2	minecraft:cyan_terracotta	557
actual	1	2	minecraft:diamond_block	35
actual	1	2	minecraft:dirt	6
actual	1	2	minecraft:grass_block{snowy=false}	1491
actual	1	2	minecraft:gray_wool	18
actual	1	2	minecraft:light_gray_wool	85
actual	1	2	minecraft:moss_block	1250
actual	1	2	minecraft:mud	379
actual	1	2	minecraft:pale_moss_block	1413
actual	1	2	minecraft:pale_oak_wood{axis=y}	140
actual	1	2	minecraft:smooth_basalt	80
actual	1	2	minecraft:stone	1700
actual	1	2	minecraft:tuff	24
actual	1	3	minecraft:acacia_wood{axis=y}	1202
actual	1	3	minecraft:andesite	125
actual	1	3	minecraft:basalt{axis=y}	140
actual	1	3	minecraft:black_wool	12
actual	1	3	minecraft:blackstone	81
actual	1	3	minecraft:cobblestone	552
actual	1	3	minecraft:cyan_terracotta	749
actual	1	3	minecraft:diamond_block	13
actual	1	3	minecraft:dirt	1
actual	1	3	minecraft:grass_block{snowy=false}	310
actual	1	3	minecraft:light_gray_wool	88
actual	1	3	minecraft:moss_block	154
actual	1	3	minecraft:mud	675
actual	1	3	minecraft:pale_moss_block	1157
actual	1	3	minecraft:pale_oak_wood{axis=y}	252
actual	1	3	minecraft:smooth_basalt	216
actual	1	3	minecraft:stone	1768
actual	1	3	minecraft:tuff	8
actual	1	4	minecraft:acacia_wood{axis=y}	441
actual	1	4	minecraft:andesite	32
actual	1	4	minecraft:basalt{axis=y}	61
actual	1	4	minecraft:black_wool	16
actual	1	4	minecraft:blackstone	53
actual	1	4	minecraft:cobblestone	148
actual	1	4	minecraft:cyan_terracotta	318
actual	1	4	minecraft:dirt	1
actual	1	4	minecraft:grass_block{snowy=false}	22
actual	1	4	minecraft:light_gray_wool	35
actual	1	4	minecraft:moss_block	10
actual	1	4	minecraft:mud	204
actual	1	4	minecraft:pale_moss_block	256
actual	1	4	minecraft:pale_oak_wood{axis=y}	107
actual	1	4	minecraft:smooth_basalt	97
actual	1	4	minecraft:stone	609
actual	2	0	minecraft:acacia_wood{axis=y}	31
actual	2	0	minecraft:basalt{axis=y}	1
actual	2	0	minecraft:blackstone	3
actual	2	0	minecraft:cyan_terracotta	7
actual	2	0	minecraft:dirt	7
actual	2	0	minecraft:grass_block{snowy=false}	19
actual	2	0	minecraft:gray_wool	12
actual	2	0	minecraft:moss_block	42
actual	2	0	minecraft:mud	9
actual	2	0	minecraft:pale_moss_block	28
actual	2	0	minecraft:pale_oak_wood{axis=y}	1
actual	2	0	minecraft:smooth_basalt	3
actual	2	0	minecraft:stone	30
actual	2	1	minecraft:acacia_wood{axis=y}	221
actual	2	1	minecraft:andesite	1
actual	2	1	minecraft:basalt{axis=y}	33
actual	2	1	minecraft:black_wool	2
actual	2	1	minecraft:blackstone	11
actual	2	1	minecraft:cobblestone	60
actual	2	1	minecraft:cyan_terracotta	78
actual	2	1	minecraft:dirt	63
actual	2	1	minecraft:dripstone_block	2
actual	2	1	minecraft:grass_block{snowy=false}	251
actual	2	1	minecraft:gray_wool	56
actual	2	1	minecraft:light_gray_wool	2
actual	2	1	minecraft:moss_block	427
actual	2	1	minecraft:mud	71
actual	2	1	minecraft:pale_moss_block	205
actual	2	1	minecraft:pale_oak_wood{axis=y}	27
actual	2	1	minecraft:smooth_basalt	21
actual	2	1	minecraft:stone	390
actual	2	2	minecraft:acacia_wood{axis=y}	998
actual	2	2	minecraft:andesite	92
actual	2	2	minecraft:basalt{axis=y}	118
actual	2	2	minecraft:black_wool	2
actual	2	2	minecraft:blackstone	24
actual	2	2	minecraft:cobblestone	370
actual	2	2	minecraft:cyan_terracotta	424
actual	2	2	minecraft:dirt	33
actual	2	2	minecraft:grass_block{snowy=false}	449
actual	2	2	minecraft:grass_block{snowy=true}	3
actual	2	2	minecraft:gray_wool	32
actual	2	2	minecraft:light_gray_wool	77
actual	2	2	minecraft:moss_block	362
actual	2	2	minecraft:mud	259
actual	2	2	minecraft:pale_moss_block	1700
actual	2	2	minecraft:pale_oak_wood{axis=y}	138
actual	2	2	minecraft:smooth_basalt	58
actual	2	2	minecraft:stone	2065
actual	2	2	minecraft:tuff	24
actual	2	3	minecraft:acacia_wood{axis=y}	1172
actual	2	3	minecraft:andesite	101
actual	2	3	minecraft:basalt{axis=y}	247
actual	2	3	minecraft:black_wool	8
actual	2	3	minecraft:blackstone	76
actual	2	3	minecraft:cobblestone	460
actual	2	3	minecraft:cyan_terracotta	774
actual	2	3	minecraft:dirt	9
actual	2	3	minecraft:dripstone_block	7
actual	2	3	minecraft:grass_block{snowy=false}	206
actual	2	3	minecraft:grass_block{snowy=true}	1
actual	2	3	minecraft:gray_wool	76
actual	2	3	minecraft:light_gray_wool	99
actual	2	3	minecraft:moss_block	21
actual	2	3	minecraft:mud	455
actual	2	3	minecraft:pale_moss_block	1645
actual	2	3	minecraft:pale_oak_wood{axis=y}	178
actual	2	3	minecraft:smooth_basalt	105
actual	2	3	minecraft:stone	2112
actual	2	3	minecraft:tuff	58
actual	2	4	minecraft:acacia_wood{axis=y}	427
actual	2	4	minecraft:andesite	13
actual	2	4	minecraft:basalt{axis=y}	111
actual	2	4	minecraft:blackstone	21
actual	2	4	minecraft:coal_ore	1
actual	2	4	minecraft:cobblestone	78
actual	2	4	minecraft:cyan_terracotta	393
actual	2	4	minecraft:dirt	4
actual	2	4	minecraft:dripstone_block	29
actual	2	4	minecraft:grass_block{snowy=false}	13
actual	2	4	minecraft:gravel	5
actual	2	4	minecraft:gray_wool	58
actual	2	4	minecraft:light_gray_wool	18
actual	2	4	minecraft:mud	189
actual	2	4	minecraft:pale_moss_block	319
actual	2	4	minecraft:pale_oak_wood{axis=y}	80
actual	2	4	minecraft:smooth_basalt	106
actual	2	4	minecraft:stone	389
actual	2	4	minecraft:tuff	19
actual	3	0	minecraft:acacia_wood{axis=y}	1
actual	3	0	minecraft:basalt{axis=y}	1
actual	3	0	minecraft:blackstone	1
actual	3	0	minecraft:cobblestone	1
actual	3	0	minecraft:moss_block	6
actual	3	0	minecraft:mud	1
actual	3	0	minecraft:pale_moss_block	4
actual	3	0	minecraft:stone	13
actual	3	1	minecraft:acacia_wood{axis=y}	117
actual	3	1	minecraft:andesite	45
actual	3	1	minecraft:basalt{axis=y}	13
actual	3	1	minecraft:cobblestone	51
actual	3	1	minecraft:cyan_terracotta	32
actual	3	1	minecraft:dirt	1
actual	3	1	minecraft:light_gray_wool	9
actual	3	1	minecraft:moss_block	220
actual	3	1	minecraft:mud	31
actual	3	1	minecraft:pale_moss_block	103
actual	3	1	minecraft:pale_oak_wood{axis=y}	11
actual	3	1	minecraft:smooth_basalt	1
actual	3	1	minecraft:stone	431
actual	3	2	minecraft:acacia_wood{axis=y}	661
actual	3	2	minecraft:andesite	136
actual	3	2	minecraft:basalt{axis=y}	47
actual	3	2	minecraft:blackstone	2
actual	3	2	minecraft:cobblestone	710
actual	3	2	minecraft:cyan_terracotta	269
actual	3	2	minecraft:dirt	24
actual	3	2	minecraft:dripstone_block	2
actual	3	2	minecraft:gray_wool	14
actual	3	2	minecraft:iron_ore	2
actual	3	2	minecraft:light_gray_wool	54
actual	3	2	minecraft:moss_block	297
actual	3	2	minecraft:mud	242
actual	3	2	minecraft:pale_moss_block	1299
actual	3	2	minecraft:pale_oak_wood{axis=y}	81
actual	3	2	minecraft:smooth_basalt	41
actual	3	2	minecraft:stone	2120
actual	3	3	minecraft:acacia_wood{axis=y}	1130
actual	3	3	minecraft:acacia_wood{axis=z}	1
actual	3	3	minecraft:andesite	149
actual	3	3	minecraft:basalt{axis=y}	212
actual	3	3	minecraft:black_wool	5
actual	3	3	minecraft:blackstone	42
actual	3	3	minecraft:coal_ore	2
actual	3	3	minecraft:cobblestone	610
actual	3	3	minecraft:cyan_terracotta	681
actual	3	3	minecraft:dirt	36
actual	3	3	minecraft:grass_block{snowy=false}	2
actual	3	3	minecraft:grass_block{snowy=true}	1
actual	3	3	minecraft:iron_ore	4
actual	3	3	minecraft:light_gray_terracotta	2
actual	3	3	minecraft:light_gray_wool	108
actual	3	3	minecraft:moss_block	5
actual	3	3	minecraft:mud	398
actual	3	3	minecraft:pale_moss_block	1412
actual	3	3	minecraft:pale_oak_wood{axis=y}	308
actual	3	3	minecraft:smooth_basalt	89
actual	3	3	minecraft:stone	2444
actual	3	3	minecraft:tuff	37
actual	3	4	minecraft:acacia_wood{axis=y}	461
actual	3	4	minecraft:andesite	3
actual	3	4	minecraft:basalt{axis=y}	103
actual	3	4	minecraft:black_wool	1
actual	3	4	minecraft:blackstone	31
actual	3	4	minecraft:coal_ore	8
actual	3	4	minecraft:cobblestone	72
actual	3	4	minecraft:cyan_terracotta	443
actual	3	4	minecraft:dirt	16
actual	3	4	minecraft:dripstone_block	5
actual	3	4	minecraft:grass_block{snowy=true}	1
actual	3	4	minecraft:gravel	7
actual	3	4	minecraft:iron_ore	7
actual	3	4	minecraft:light_gray_wool	37
actual	3	4	minecraft:moss_block	2
actual	3	4	minecraft:mud	234
actual	3	4	minecraft:pale_moss_block	343
actual	3	4	minecraft:pale_oak_wood{axis=y}	124
actual	3	4	minecraft:smooth_basalt	33
actual	3	4	minecraft:stone	912
actual	3	4	minecraft:tuff	8
actual	4	0	minecraft:andesite	1
actual	4	0	minecraft:cobblestone	1
actual	4	0	minecraft:pale_moss_block	13
actual	4	0	minecraft:stone	144
actual	4	1	minecraft:acacia_wood{axis=y}	59
actual	4	1	minecraft:andesite	22
actual	4	1	minecraft:basalt{axis=y}	14
actual	4	1	minecraft:cobblestone	196
actual	4	1	minecraft:cyan_terracotta	30
actual	4	1	minecraft:light_gray_wool	1
actual	4	1	minecraft:moss_block	2
actual	4	1	minecraft:mud	10
actual	4	1	minecraft:pale_moss_block	244
actual	4	1	minecraft:pale_oak_wood{axis=y}	14
actual	4	1	minecraft:snow[layers=1]	1
actual	4	1	minecraft:stone	572
actual	4	2	minecraft:acacia_wood{axis=y}	270
actual	4	2	minecraft:andesite	142
actual	4	2	minecraft:basalt{axis=y}	44
actual	4	2	minecraft:black_wool	1
actual	4	2	minecraft:coal_ore	1
actual	4	2	minecraft:coarse_dirt	3
actual	4	2	minecraft:cobblestone	1493
actual	4	2	minecraft:cyan_terracotta	67
actual	4	2	minecraft:dirt	2
actual	4	2	minecraft:dripstone_block	4
actual	4	2	minecraft:gravel	1
actual	4	2	minecraft:iron_ore	3
actual	4	2	minecraft:light_gray_terracotta	2
actual	4	2	minecraft:light_gray_wool	53
actual	4	2	minecraft:moss_block	3
actual	4	2	minecraft:mud	212
actual	4	2	minecraft:packed_mud	10
actual	4	2	minecraft:pale_moss_block	906
actual	4	2	minecraft:pale_oak_wood{axis=y}	33
actual	4	2	minecraft:smooth_basalt	4
actual	4	2	minecraft:snow[layers=1]	37
actual	4	2	minecraft:snow[layers=2]	2
actual	4	2	minecraft:stone	1578
actual	4	3	minecraft:acacia_wood{axis=y}	819
actual	4	3	minecraft:andesite	136
actual	4	3	minecraft:basalt{axis=y}	80
actual	4	3	minecraft:blackstone	5
actual	4	3	minecraft:coal_ore	3
actual	4	3	minecraft:coarse_dirt	11
actual	4	3	minecraft:cobblestone	1097
actual	4	3	minecraft:cyan_terracotta	484
actual	4	3	minecraft:dripstone_block	19
actual	4	3	minecraft:granite	1
actual	4	3	minecraft:gravel	1
actual	4	3	minecraft:iron_ore	3
actual	4	3	minecraft:light_gray_terracotta	9
actual	4	3	minecraft:light_gray_wool	74
actual	4	3	minecraft:mud	196
actual	4	3	minecraft:packed_mud	13
actual	4	3	minecraft:pale_moss_block	1110
actual	4	3	minecraft:pale_oak_wood{axis=y}	164
actual	4	3	minecraft:smooth_basalt	11
actual	4	3	minecraft:snow[layers=1]	27
actual	4	3	minecraft:snow[layers=2]	1
actual	4	3	minecraft:stone	1596
actual	4	4	minecraft:acacia_wood{axis=y}	463
actual	4	4	minecraft:andesite	47
actual	4	4	minecraft:basalt{axis=y}	47
actual	4	4	minecraft:black_wool	1
actual	4	4	minecraft:blackstone	20
actual	4	4	minecraft:coal_ore	3
actual	4	4	minecraft:cobblestone	118
actual	4	4	minecraft:cyan_terracotta	306
actual	4	4	minecraft:dirt	1
actual	4	4	minecraft:gravel	3
actual	4	4	minecraft:iron_ore	2
actual	4	4	minecraft:light_gray_wool	25
actual	4	4	minecraft:mud	176
actual	4	4	minecraft:pale_moss_block	165
actual	4	4	minecraft:pale_oak_wood{axis=y}	143
actual	4	4	minecraft:smooth_basalt	44
actual	4	4	minecraft:snow[layers=1]	1
actual	4	4	minecraft:stone	596
actual	5	0	minecraft:coal_ore	4
actual	5	0	minecraft:cobblestone	21
actual	5	0	minecraft:dirt	3
actual	5	0	minecraft:stone	6
actual	5	1	minecraft:acacia_wood{axis=y}	4
actual	5	1	minecraft:cobblestone	557
actual	5	1	minecraft:dirt	17
actual	5	1	minecraft:pale_moss_block	10
actual	5	1	minecraft:smooth_basalt	1
actual	5	1	minecraft:snow[layers=1]	9
actual	5	1	minecraft:snow[layers=2]	35
actual	5	1	minecraft:snow[layers=3]	33
actual	5	1	minecraft:snow[layers=4]	37
actual	5	1	minecraft:snow[layers=5]	14
actual	5	1	minecraft:stone	30
actual	5	2	minecraft:acacia_wood{axis=y}	62
actual	5	2	minecraft:andesite	13
actual	5	2	minecraft:basalt{axis=y}	7
actual	5	2	minecraft:coal_ore	2
actual	5	2	minecraft:coarse_dirt	1
actual	5	2	minecraft:cobblestone	1987
actual	5	2	minecraft:cyan_terracotta	26
actual	5	2	minecraft:dirt	24
actual	5	2	minecraft:granite	5
actual	5	2	minecraft:light_gray_terracotta	3
actual	5	2	minecraft:light_gray_wool	1
actual	5	2	minecraft:mud	5
actual	5	2	minecraft:pale_moss_block	108
actual	5	2	minecraft:pale_oak_wood{axis=y}	4
actual	5	2	minecraft:smooth_basalt	1
actual	5	2	minecraft:snow[layers=1]	82
actual	5	2	minecraft:snow[layers=2]	186
actual	5	2	minecraft:snow[layers=3]	196
actual	5	2	minecraft:snow[layers=4]	174
actual	5	2	minecraft:snow[layers=5]	64
actual	5	2	minecraft:stone	209
actual	5	3	minecraft:acacia_wood{axis=y}	507
actual	5	3	minecraft:acacia_wood{axis=z}	2
actual	5	3	minecraft:andesite	57
actual	5	3	minecraft:basalt{axis=y}	123
actual	5	3	minecraft:black_wool	3
actual	5	3	minecraft:blackstone	3
actual	5	3	minecraft:coarse_dirt	3
actual	5	3	minecraft:cobblestone	1139
actual	5	3	minecraft:cyan_terracotta	442
actual	5	3	minecraft:dirt	11
actual	5	3	minecraft:granite	6
actual	5	3	minecraft:gravel	1
actual	5	3	minecraft:gray_wool	1
actual	5	3	minecraft:light_gray_terracotta	3
actual	5	3	minecraft:light_gray_wool	26
actual	5	3	minecraft:mud	107
actual	5	3	minecraft:pale_moss_block	884
actual	5	3	minecraft:pale_oak_wood{axis=x}	3
actual	5	3	minecraft:pale_oak_wood{axis=y}	94
actual	5	3	minecraft:pale_oak_wood{axis=z}	10
actual	5	3	minecraft:smooth_basalt	29
actual	5	3	minecraft:snow[layers=1]	50
actual	5	3	minecraft:snow[layers=2]	72
actual	5	3	minecraft:snow[layers=3]	69
actual	5	3	minecraft:snow[layers=4]	25
actual	5	3	minecraft:snow[layers=5]	12
actual	5	3	minecraft:stone	929
actual	5	3	minecraft:tuff	2
actual	5	4	minecraft:acacia_wood{axis=y}	252
actual	5	4	minecraft:andesite	25
actual	5	4	minecraft:basalt{axis=y}	86
actual	5	4	minecraft:blackstone	2
actual	5	4	minecraft:cobblestone	57
actual	5	4	minecraft:cyan_terracotta	278
actual	5	4	minecraft:dirt	1
actual	5	4	minecraft:light_gray_wool	2
actual	5	4	minecraft:mud	73
actual	5	4	minecraft:pale_moss_block	167
actual	5	4	minecraft:pale_oak_wood{axis=y}	36
actual	5	4	minecraft:smooth_basalt	15
actual	5	4	minecraft:snow[layers=1]	1
actual	5	4	minecraft:snow[layers=3]	3
actual	5	4	minecraft:stone	262
actual	6	1	minecraft:acacia_wood{axis=y}	2
actual	6	1	minecraft:andesite	1
actual	6	1	minecraft:cobblestone	88
actual	6	1	minecraft:cyan_terracotta	1
actual	6	1	minecraft:mud	1
actual	6	1	minecraft:pale_moss_block	1
actual	6	1	minecraft:snow[layers=1]	5
actual	6	1	minecraft:snow[layers=2]	3
actual	6	1	minecraft:snow[layers=3]	5
actual	6	1	minecraft:snow[layers=4]	2
actual	6	1	minecraft:snow[layers=5]	156
actual	6	1	minecraft:stone	6
actual	6	2	minecraft:acacia_wood{axis=y}	52
actual	6	2	minecraft:andesite	3
actual	6	2	minecraft:basalt{axis=y}	2
actual	6	2	minecraft:black_wool	1
actual	6	2	minecraft:blackstone	1
actual	6	2	minecraft:cobblestone	1083
actual	6	2	minecraft:cyan_terracotta	34
actual	6	2	minecraft:dripstone_block	2
actual	6	2	minecraft:light_gray_terracotta	3
actual	6	2	minecraft:mud	40
actual	6	2	minecraft:pale_moss_block	105
actual	6	2	minecraft:pale_oak_wood{axis=x}	2
actual	6	2	minecraft:pale_oak_wood{axis=y}	9
actual	6	2	minecraft:pale_oak_wood{axis=z}	2
actual	6	2	minecraft:smooth_basalt	4
actual	6	2	minecraft:snow[layers=1]	9
actual	6	2	minecraft:snow[layers=2]	53
actual	6	2	minecraft:snow[layers=3]	41
actual	6	2	minecraft:snow[layers=4]	20
actual	6	2	minecraft:snow[layers=5]	1053
actual	6	2	minecraft:stone	139
actual	6	2	minecraft:tuff	1
actual	6	3	minecraft:acacia_wood{axis=y}	340
actual	6	3	minecraft:andesite	14
actual	6	3	minecraft:basalt{axis=y}	23
actual	6	3	minecraft:blackstone	8
actual	6	3	minecraft:coal_ore	1
actual	6	3	minecraft:cobblestone	739
actual	6	3	minecraft:cyan_terracotta	231
actual	6	3	minecraft:dripstone_block	3
actual	6	3	minecraft:light_gray_terracotta	10
actual	6	3	minecraft:light_gray_wool	90
actual	6	3	minecraft:mud	88
actual	6	3	minecraft:pale_moss_block	461
actual	6	3	minecraft:pale_oak_wood{axis=x}	1
actual	6	3	minecraft:pale_oak_wood{axis=y}	94
actual	6	3	minecraft:pale_oak_wood{axis=z}	1
actual	6	3	minecraft:smooth_basalt	10
actual	6	3	minecraft:snow[layers=1]	6
actual	6	3	minecraft:snow[layers=2]	24
actual	6	3	minecraft:snow[layers=3]	26
actual	6	3	minecraft:snow[layers=4]	16
actual	6	3	minecraft:snow[layers=5]	199
actual	6	3	minecraft:stone	782
actual	6	3	minecraft:tuff	2
actual	6	4	minecraft:acacia_wood{axis=y}	84
actual	6	4	minecraft:andesite	2
actual	6	4	minecraft:basalt{axis=y}	19
actual	6	4	minecraft:blackstone	1
actual	6	4	minecraft:cobblestone	98
actual	6	4	minecraft:cyan_terracotta	35
actual	6	4	minecraft:light_gray_wool	30
actual	6	4	minecraft:mud	13
actual	6	4	minecraft:pale_moss_block	120
actual	6	4	minecraft:pale_oak_wood{axis=y}	20
actual	6	4	minecraft:snow[layers=3]	2
actual	6	4	minecraft:snow[layers=4]	2
actual	6	4	minecraft:snow[layers=5]	1
actual	6	4	minecraft:stone	148
actual	7	0	minecraft:acacia_wood{axis=y}	1
actual	7	0	minecraft:cobblestone	14
actual	7	0	minecraft:snow[layers=5]	174
actual	7	0	minecraft:stone	26
actual	7	1	minecraft:acacia_wood{axis=y}	3
actual	7	1	minecraft:coal_ore	2
actual	7	1	minecraft:cobblestone	76
actual	7	1	minecraft:cyan_terracotta	1
actual	7	1	minecraft:iron_ore	1
actual	7	1	minecraft:light_gray_wool	4
actual	7	1	minecraft:mud	1
actual	7	1	minecraft:pale_moss_block	19
actual	7	1	minecraft:pale_oak_wood{axis=y}	1
actual	7	1	minecraft:snow[layers=2]	13
actual	7	1	minecraft:snow[layers=3]	14
actual	7	1	minecraft:snow[layers=4]	1
actual	7	1	minecraft:snow[layers=5]	804
actual	7	1	minecraft:stone	77
actual	7	2	minecraft:acacia_wood{axis=y}	45
actual	7	2	minecraft:andesite	3
actual	7	2	minecraft:basalt{axis=y}	7
actual	7	2	minecraft:blackstone	2
actual	7	2	minecraft:cobblestone	355
actual	7	2	minecraft:cyan_terracotta	16
actual	7	2	minecraft:light_gray_wool	23
actual	7	2	minecraft:mud	19
actual	7	2	minecraft:pale_moss_block	90
actual	7	2	minecraft:pale_oak_wood{axis=y}	12
actual	7	2	minecraft:snow[layers=1]	1
actual	7	2	minecraft:snow[layers=2]	30
actual	7	2	minecraft:snow[layers=3]	58
actual	7	2	minecraft:snow[layers=4]	9
actual	7	2	minecraft:snow[layers=5]	513
actual	7	2	minecraft:stone	166
actual	7	3	minecraft:acacia_wood{axis=y}	179
actual	7	3	minecraft:andesite	39
actual	7	3	minecraft:basalt{axis=y}	13
actual	7	3	minecraft:blackstone	4
actual	7	3	minecraft:cobblestone	239
actual	7	3	minecraft:cyan_terracotta	57
actual	7	3	minecraft:light_gray_wool	239
actual	7	3	minecraft:mud	33
actual	7	3	minecraft:pale_moss_block	114
actual	7	3	minecraft:pale_oak_wood{axis=y}	39
actual	7	3	minecraft:smooth_basalt	5
actual	7	3	minecraft:snow[layers=1]	3
actual	7	3	minecraft:snow[layers=2]	23
actual	7	3	minecraft:snow[layers=3]	27
actual	7	3	minecraft:snow[layers=4]	13
actual	7	3	minecraft:snow[layers=5]	131
actual	7	3	minecraft:stone	286
actual	7	4	minecraft:acacia_wood{axis=y}	37
actual	7	4	minecraft:andesite	11
actual	7	4	minecraft:cobblestone	57
actual	7	4	minecraft:cyan_terracotta	19
actual	7	4	minecraft:light_gray_wool	35
actual	7	4	minecraft:mud	9
actual	7	4	minecraft:pale_moss_block	9
actual	7	4	minecraft:pale_oak_wood{axis=y}	8
actual	7	4	minecraft:stone	47
independent_random	0	0	minecraft:acacia_wood{axis=y}	449
independent_random	0	0	minecraft:andesite	39
independent_random	0	0	minecraft:basalt{axis=y}	71
independent_random	0	0	minecraft:black_wool	3
independent_random	0	0	minecraft:blackstone	23
independent_random	0	0	minecraft:coal_ore	2
independent_random	0	0	minecraft:coarse_dirt	1
independent_random	0	0	minecraft:cobblestone	578
independent_random	0	0	minecraft:cyan_terracotta	325
independent_random	0	0	minecraft:diamond_block	13
independent_random	0	0	minecraft:dirt	14
independent_random	0	0	minecraft:dripstone_block	1
independent_random	0	0	minecraft:granite	1
independent_random	0	0	minecraft:grass_block{snowy=false}	654
independent_random	0	0	minecraft:gray_wool	8
independent_random	0	0	minecraft:iron_ore	3
independent_random	0	0	minecraft:light_gray_terracotta	2
independent_random	0	0	minecraft:light_gray_wool	53
independent_random	0	0	minecraft:moss_block	389
independent_random	0	0	minecraft:mud	191
independent_random	0	0	minecraft:pale_moss_block	610
independent_random	0	0	minecraft:pale_oak_wood{axis=y}	112
independent_random	0	0	minecraft:pale_oak_wood{axis=z}	1
independent_random	0	0	minecraft:smooth_basalt	56
independent_random	0	0	minecraft:stone	1011
independent_random	0	0	minecraft:tuff	8
independent_random	0	1	minecraft:acacia_wood{axis=y}	1173
independent_random	0	1	minecraft:andesite	139
independent_random	0	1	minecraft:basalt{axis=y}	217
independent_random	0	1	minecraft:black_wool	6
independent_random	0	1	minecraft:blackstone	59
independent_random	0	1	minecraft:coal_ore	2
independent_random	0	1	minecraft:coarse_dirt	1
independent_random	0	1	minecraft:cobblestone	1629
independent_random	0	1	minecraft:cyan_terracotta	834
independent_random	0	1	minecraft:diamond_block	44
independent_random	0	1	minecraft:dirt	25
independent_random	0	1	minecraft:dripstone_block	10
independent_random	0	1	minecraft:granite	1
independent_random	0	1	minecraft:grass_block{snowy=false}	1678
independent_random	0	1	minecraft:grass_block{snowy=true}	1
independent_random	0	1	minecraft:gravel	4
independent_random	0	1	minecraft:gray_wool	33
independent_random	0	1	minecraft:iron_ore	3
independent_random	0	1	minecraft:light_gray_terracotta	4
independent_random	0	1	minecraft:light_gray_wool	129
independent_random	0	1	minecraft:moss_block	979
independent_random	0	1	minecraft:mud	537
independent_random	0	1	minecraft:pale_moss_block	1724
independent_random	0	1	minecraft:pale_oak_wood{axis=y}	249
independent_random	0	1	minecraft:pale_oak_wood{axis=z}	2
independent_random	0	1	minecraft:smooth_basalt	149
independent_random	0	1	minecraft:spruce_log{axis=y}	1
independent_random	0	1	minecraft:stone	2558
independent_random	0	1	minecraft:tuff	17
independent_random	0	2	minecraft:acacia_wood{axis=y}	1026
independent_random	0	2	minecraft:andesite	142
independent_random	0	2	minecraft:basalt{axis=y}	158
independent_random	0	2	minecraft:black_wool	10
independent_random	0	2	minecraft:blackstone	50
independent_random	0	2	minecraft:coal_ore	3
independent_random	0	2	minecraft:coarse_dirt	1
independent_random	0	2	minecraft:cobblestone	1416
independent_random	0	2	minecraft:cyan_terracotta	620
independent_random	0	2	minecraft:diamond_block	37
independent_random	0	2	minecraft:dirt	40
independent_random	0	2	minecraft:dripstone_block	5
independent_random	0	2	minecraft:granite	1
independent_random	0	2	minecraft:grass_block{snowy=false}	1459
independent_random	0	2	minecraft:gravel	2
independent_random	0	2	minecraft:gray_wool	28
independent_random	0	2	minecraft:iron_ore	4
independent_random	0	2	minecraft:light_gray_terracotta	2
independent_random	0	2	minecraft:light_gray_wool	110
independent_random	0	2	minecraft:moss_block	910
independent_random	0	2	minecraft:mud	452
independent_random	0	2	minecraft:pale_moss_block	1373
independent_random	0	2	minecraft:pale_oak_wood{axis=y}	205
independent_random	0	2	minecraft:pale_oak_wood{axis=z}	4
independent_random	0	2	minecraft:smooth_basalt	112
independent_random	0	2	minecraft:spruce_log{axis=y}	2
independent_random	0	2	minecraft:stone	2308
independent_random	0	2	minecraft:tuff	24
independent_random	0	3	minecraft:acacia_wood{axis=y}	465
independent_random	0	3	minecraft:andesite	43
independent_random	0	3	minecraft:basalt{axis=y}	75
independent_random	0	3	minecraft:black_wool	7
independent_random	0	3	minecraft:blackstone	13
independent_random	0	3	minecraft:coal_ore	1
independent_random	0	3	minecraft:cobblestone	621
independent_random	0	3	minecraft:cyan_terracotta	320
independent_random	0	3	minecraft:diamond_block	20
independent_random	0	3	minecraft:dirt	14
independent_random	0	3	minecraft:dripstone_block	4
independent_random	0	3	minecraft:grass_block{snowy=false}	686
independent_random	0	3	minecraft:gravel	2
independent_random	0	3	minecraft:gray_wool	8
independent_random	0	3	minecraft:iron_ore	1
independent_random	0	3	minecraft:light_gray_terracotta	2
independent_random	0	3	minecraft:light_gray_wool	42
independent_random	0	3	minecraft:moss_block	423
independent_random	0	3	minecraft:mud	227
independent_random	0	3	minecraft:packed_mud	3
independent_random	0	3	minecraft:pale_moss_block	678
independent_random	0	3	minecraft:pale_oak_wood{axis=y}	98
independent_random	0	3	minecraft:smooth_basalt	63
independent_random	0	3	minecraft:stone	1034
independent_random	0	3	minecraft:tuff	16
independent_random	0	4	minecraft:acacia_wood{axis=y}	111
independent_random	0	4	minecraft:andesite	12
independent_random	0	4	minecraft:basalt{axis=y}	18
independent_random	0	4	minecraft:blackstone	11
independent_random	0	4	minecraft:cobblestone	139
independent_random	0	4	minecraft:cyan_terracotta	77
independent_random	0	4	minecraft:diamond_block	3
independent_random	0	4	minecraft:dirt	3
independent_random	0	4	minecraft:dripstone_block	1
independent_random	0	4	minecraft:grass_block{snowy=false}	175
independent_random	0	4	minecraft:gray_wool	2
independent_random	0	4	minecraft:iron_ore	1
independent_random	0	4	minecraft:light_gray_wool	13
independent_random	0	4	minecraft:moss_block	106
independent_random	0	4	minecraft:mud	45
independent_random	0	4	minecraft:pale_moss_block	149
independent_random	0	4	minecraft:pale_oak_wood{axis=y}	35
independent_random	0	4	minecraft:smooth_basalt	13
independent_random	0	4	minecraft:stone	232
independent_random	0	4	minecraft:tuff	1
independent_random	1	0	minecraft:acacia_wood{axis=y}	100
independent_random	1	0	minecraft:andesite	14
independent_random	1	0	minecraft:basalt{axis=y}	15
independent_random	1	0	minecraft:blackstone	5
independent_random	1	0	minecraft:coal_ore	1
independent_random	1	0	minecraft:cobblestone	128
independent_random	1	0	minecraft:cyan_terracotta	57
independent_random	1	0	minecraft:diamond_block	2
independent_random	1	0	minecraft:dirt	1
independent_random	1	0	minecraft:dripstone_block	1
independent_random	1	0	minecraft:grass_block{snowy=false}	122
independent_random	1	0	minecraft:gravel	1
independent_random	1	0	minecraft:gray_wool	1
independent_random	1	0	minecraft:light_gray_wool	13
independent_random	1	0	minecraft:moss_block	77
independent_random	1	0	minecraft:mud	36
independent_random	1	0	minecraft:pale_moss_block	108
independent_random	1	0	minecraft:pale_oak_wood{axis=y}	17
independent_random	1	0	minecraft:smooth_basalt	16
independent_random	1	0	minecraft:stone	184
independent_random	1	0	minecraft:tuff	3
independent_random	1	1	minecraft:acacia_wood{axis=y}	247
independent_random	1	1	minecraft:andesite	28
independent_random	1	1	minecraft:basalt{axis=y}	74
independent_random	1	1	minecraft:black_wool	4
independent_random	1	1	minecraft:blackstone	14
independent_random	1	1	minecraft:cobblestone	400
independent_random	1	1	minecraft:cyan_terracotta	197
independent_random	1	1	minecraft:diamond_block	12
independent_random	1	1	minecraft:dirt	8
independent_random	1	1	minecraft:dripstone_block	4
independent_random	1	1	minecraft:granite	1
independent_random	1	1	minecraft:grass_block{snowy=false}	385
independent_random	1	1	minecraft:gray_wool	4
independent_random	1	1	minecraft:iron_ore	1
independent_random	1	1	minecraft:light_gray_terracotta	3
independent_random	1	1	minecraft:light_gray_wool	32
independent_random	1	1	minecraft:moss_block	254
independent_random	1	1	minecraft:mud	111
independent_random	1	1	minecraft:pale_moss_block	412
independent_random	1	1	minecraft:pale_oak_wood{axis=x}	1
independent_random	1	1	minecraft:pale_oak_wood{axis=y}	49
independent_random	1	1	minecraft:smooth_basalt	28
independent_random	1	1	minecraft:spruce_log{axis=y}	1
independent_random	1	1	minecraft:stone	591
independent_random	1	1	minecraft:tuff	7
independent_random	1	2	minecraft:acacia_wood{axis=y}	797
independent_random	1	2	minecraft:acacia_wood{axis=z}	1
independent_random	1	2	minecraft:andesite	111
independent_random	1	2	minecraft:basalt{axis=y}	140
independent_random	1	2	minecraft:black_wool	5
independent_random	1	2	minecraft:blackstone	55
independent_random	1	2	minecraft:coal_ore	2
independent_random	1	2	minecraft:cobblestone	1121
independent_random	1	2	minecraft:cyan_terracotta	568
independent_random	1	2	minecraft:diamond_block	25
independent_random	1	2	minecraft:dirt	38
independent_random	1	2	minecraft:dripstone_block	5
independent_random	1	2	minecraft:grass_block{snowy=false}	1252
independent_random	1	2	minecraft:gravel	3
independent_random	1	2	minecraft:gray_wool	25
independent_random	1	2	minecraft:iron_ore	2
independent_random	1	2	minecraft:light_gray_terracotta	1
independent_random	1	2	minecraft:light_gray_wool	104
independent_random	1	2	minecraft:moss_block	784
independent_random	1	2	minecraft:mud	356
independent_random	1	2	minecraft:packed_mud	1
independent_random	1	2	minecraft:pale_moss_block	1128
independent_random	1	2	minecraft:pale_oak_wood{axis=x}	1
independent_random	1	2	minecraft:pale_oak_wood{axis=y}	189
independent_random	1	2	minecraft:pale_oak_wood{axis=z}	2
independent_random	1	2	minecraft:smooth_basalt	100
independent_random	1	2	minecraft:spruce_log{axis=y}	1
independent_random	1	2	minecraft:stone	1825
independent_random	1	2	minecraft:tuff	19
independent_random	1	3	minecraft:acacia_wood{axis=y}	737
independent_random	1	3	minecraft:acacia_wood{axis=z}	2
independent_random	1	3	minecraft:andesite	72
independent_random	1	3	minecraft:basalt{axis=y}	120
independent_random	1	3	minecraft:black_wool	4
independent_random	1	3	minecraft:blackstone	32
independent_random	1	3	minecraft:coal_ore	1
independent_random	1	3	minecraft:cobblestone	1004
independent_random	1	3	minecraft:cyan_terracotta	486
independent_random	1	3	minecraft:diamond_block	23
independent_random	1	3	minecraft:dirt	33
independent_random	1	3	minecraft:dripstone_block	3
independent_random	1	3	minecraft:granite	1
independent_random	1	3	minecraft:grass_block{snowy=false}	1039
independent_random	1	3	minecraft:gravel	5
independent_random	1	3	minecraft:gray_wool	17
independent_random	1	3	minecraft:iron_ore	2
independent_random	1	3	minecraft:light_gray_wool	62
independent_random	1	3	minecraft:moss_block	637
independent_random	1	3	minecraft:mud	332
independent_random	1	3	minecraft:packed_mud	3
independent_random	1	3	minecraft:pale_moss_block	1076
independent_random	1	3	minecraft:pale_oak_wood{axis=y}	151
independent_random	1	3	minecraft:smooth_basalt	91
independent_random	1	3	minecraft:spruce_log{axis=y}	1
independent_random	1	3	minecraft:stone	1556
independent_random	1	3	minecraft:tuff	13
independent_random	1	4	minecraft:acacia_wood{axis=y}	227
independent_random	1	4	minecraft:andesite	25
independent_random	1	4	minecraft:basalt{axis=y}	39
independent_random	1	4	minecraft:black_wool	2
independent_random	1	4	minecraft:blackstone	9
independent_random	1	4	minecraft:cobblestone	313
independent_random	1	4	minecraft:cyan_terracotta	161
independent_random	1	4	minecraft:diamond_block	5
independent_random	1	4	minecraft:dirt	5
independent_random	1	4	minecraft:grass_block{snowy=false}	332
independent_random	1	4	minecraft:gravel	3
independent_random	1	4	minecraft:gray_wool	4
independent_random	1	4	minecraft:iron_ore	2
independent_random	1	4	minecraft:light_gray_wool	24
independent_random	1	4	minecraft:moss_block	195
independent_random	1	4	minecraft:mud	94
independent_random	1	4	minecraft:pale_moss_block	369
independent_random	1	4	minecraft:pale_oak_wood{axis=y}	47
independent_random	1	4	minecraft:pale_oak_wood{axis=z}	1
independent_random	1	4	minecraft:smooth_basalt	40
independent_random	1	4	minecraft:stone	509
independent_random	1	4	minecraft:tuff	4
independent_random	2	0	minecraft:acacia_wood{axis=y}	17
independent_random	2	0	minecraft:andesite	3
independent_random	2	0	minecraft:basalt{axis=y}	5
independent_random	2	0	minecraft:cobblestone	19
independent_random	2	0	minecraft:cyan_terracotta	15
independent_random	2	0	minecraft:diamond_block	2
independent_random	2	0	minecraft:dirt	1
independent_random	2	0	minecraft:grass_block{snowy=false}	24
independent_random	2	0	minecraft:light_gray_wool	1
independent_random	2	0	minecraft:moss_block	17
independent_random	2	0	minecraft:mud	12
independent_random	2	0	minecraft:pale_moss_block	25
independent_random	2	0	minecraft:pale_oak_wood{axis=y}	5
independent_random	2	0	minecraft:smooth_basalt	1
independent_random	2	0	minecraft:stone	45
independent_random	2	0	minecraft:tuff	1
independent_random	2	1	minecraft:acacia_wood{axis=y}	189
independent_random	2	1	minecraft:andesite	29
independent_random	2	1	minecraft:basalt{axis=y}	32
independent_random	2	1	minecraft:black_wool	1
independent_random	2	1	minecraft:blackstone	9
independent_random	2	1	minecraft:cobblestone	275
independent_random	2	1	minecraft:cyan_terracotta	137
independent_random	2	1	minecraft:diamond_block	4
independent_random	2	1	minecraft:dirt	12
independent_random	2	1	minecraft:grass_block{snowy=false}	257
independent_random	2	1	minecraft:gray_wool	3
independent_random	2	1	minecraft:light_gray_wool	18
independent_random	2	1	minecraft:moss_block	155
independent_random	2	1	minecraft:mud	93
independent_random	2	1	minecraft:pale_moss_block	233
independent_random	2	1	minecraft:pale_oak_wood{axis=x}	1
independent_random	2	1	minecraft:pale_oak_wood{axis=y}	36
independent_random	2	1	minecraft:smooth_basalt	17
independent_random	2	1	minecraft:stone	415
independent_random	2	1	minecraft:tuff	5
independent_random	2	2	minecraft:acacia_wood{axis=y}	729
independent_random	2	2	minecraft:andesite	87
independent_random	2	2	minecraft:basalt{axis=y}	122
independent_random	2	2	minecraft:black_wool	5
independent_random	2	2	minecraft:blackstone	34
independent_random	2	2	minecraft:coal_ore	2
independent_random	2	2	minecraft:coarse_dirt	1
independent_random	2	2	minecraft:cobblestone	940
independent_random	2	2	minecraft:cyan_terracotta	443
independent_random	2	2	minecraft:diamond_block	21
independent_random	2	2	minecraft:dirt	20
independent_random	2	2	minecraft:dripstone_block	6
independent_random	2	2	minecraft:grass_block{snowy=false}	996
independent_random	2	2	minecraft:gravel	1
independent_random	2	2	minecraft:gray_wool	13
independent_random	2	2	minecraft:light_gray_terracotta	1
independent_random	2	2	minecraft:light_gray_wool	83
independent_random	2	2	minecraft:moss_block	614
independent_random	2	2	minecraft:mud	317
independent_random	2	2	minecraft:packed_mud	2
independent_random	2	2	minecraft:pale_moss_block	1004
independent_random	2	2	minecraft:pale_oak_wood{axis=y}	132
independent_random	2	2	minecraft:smooth_basalt	87
independent_random	2	2	minecraft:stone	1554
independent_random	2	2	minecraft:tuff	14
independent_random	2	3	minecraft:acacia_wood{axis=y}	762
independent_random	2	3	minecraft:andesite	84
independent_random	2	3	minecraft:basalt{axis=y}	128
independent_random	2	3	minecraft:black_wool	7
independent_random	2	3	minecraft:blackstone	40
independent_random	2	3	minecraft:coal_ore	1
independent_random	2	3	minecraft:coarse_dirt	2
independent_random	2	3	minecraft:cobblestone	1093
independent_random	2	3	minecraft:cyan_terracotta	515
independent_random	2	3	minecraft:diamond_block	34
independent_random	2	3	minecraft:dirt	18
independent_random	2	3	minecraft:dripstone_block	5
independent_random	2	3	minecraft:grass_block{snowy=false}	1046
independent_random	2	3	minecraft:gravel	4
independent_random	2	3	minecraft:gray_wool	15
independent_random	2	3	minecraft:iron_ore	4
independent_random	2	3	minecraft:light_gray_terracotta	4
independent_random	2	3	minecraft:light_gray_wool	73
independent_random	2	3	minecraft:moss_block	660
independent_random	2	3	minecraft:mud	333
independent_random	2	3	minecraft:pale_moss_block	1047
independent_random	2	3	minecraft:pale_oak_wood{axis=y}	155
independent_random	2	3	minecraft:pale_oak_wood{axis=z}	1
independent_random	2	3	minecraft:smooth_basalt	93
independent_random	2	3	minecraft:spruce_log{axis=y}	2
independent_random	2	3	minecraft:stone	1666
independent_random	2	3	minecraft:tuff	18
independent_random	2	4	minecraft:acacia_wood{axis=y}	216
independent_random	2	4	minecraft:andesite	29
independent_random	2	4	minecraft:basalt{axis=y}	41
independent_random	2	4	minecraft:black_wool	2
independent_random	2	4	minecraft:blackstone	5
independent_random	2	4	minecraft:cobblestone	324
independent_random	2	4	minecraft:cyan_terracotta	149
independent_random	2	4	minecraft:diamond_block	7
independent_random	2	4	minecraft:dirt	8
independent_random	2	4	minecraft:dripstone_block	2
independent_random	2	4	minecraft:grass_block{snowy=false}	326
independent_random	2	4	minecraft:gravel	1
independent_random	2	4	minecraft:gray_wool	1
independent_random	2	4	minecraft:iron_ore	1
independent_random	2	4	minecraft:light_gray_wool	26
independent_random	2	4	minecraft:moss_block	198
independent_random	2	4	minecraft:mud	105
independent_random	2	4	minecraft:pale_moss_block	282
independent_random	2	4	minecraft:pale_oak_wood{axis=y}	48
independent_random	2	4	minecraft:pale_oak_wood{axis=z}	1
independent_random	2	4	minecraft:smooth_basalt	30
independent_random	2	4	minecraft:stone	467
independent_random	2	4	minecraft:tuff	4
independent_random	3	0	minecraft:acacia_wood{axis=y}	4
independent_random	3	0	minecraft:andesite	1
independent_random	3	0	minecraft:basalt{axis=y}	1
independent_random	3	0	minecraft:cobblestone	3
independent_random	3	0	minecraft:cyan_terracotta	1
independent_random	3	0	minecraft:grass_block{snowy=false}	5
independent_random	3	0	minecraft:moss_block	2
independent_random	3	0	minecraft:pale_moss_block	4
independent_random	3	0	minecraft:stone	7
independent_random	3	1	minecraft:acacia_wood{axis=y}	88
independent_random	3	1	minecraft:andesite	15
independent_random	3	1	minecraft:basalt{axis=y}	19
independent_random	3	1	minecraft:blackstone	10
independent_random	3	1	minecraft:coal_ore	1
independent_random	3	1	minecraft:cobblestone	133
independent_random	3	1	minecraft:cyan_terracotta	57
independent_random	3	1	minecraft:diamond_block	3
independent_random	3	1	minecraft:dirt	3
independent_random	3	1	minecraft:granite	2
independent_random	3	1	minecraft:grass_block{snowy=false}	153
independent_random	3	1	minecraft:gray_wool	3
independent_random	3	1	minecraft:light_gray_wool	14
independent_random	3	1	minecraft:moss_block	108
independent_random	3	1	minecraft:mud	57
independent_random	3	1	minecraft:pale_moss_block	130
independent_random	3	1	minecraft:pale_oak_wood{axis=y}	24
independent_random	3	1	minecraft:smooth_basalt	12
independent_random	3	1	minecraft:spruce_log{axis=y}	1
independent_random	3	1	minecraft:stone	231
independent_random	3	1	minecraft:tuff	1
independent_random	3	2	minecraft:acacia_wood{axis=y}	568
independent_random	3	2	minecraft:andesite	67
independent_random	3	2	minecraft:basalt{axis=y}	100
independent_random	3	2	minecraft:black_wool	3
independent_random	3	2	minecraft:blackstone	25
independent_random	3	2	minecraft:coal_ore	1
independent_random	3	2	minecraft:coarse_dirt	2
independent_random	3	2	minecraft:cobblestone	790
independent_random	3	2	minecraft:cyan_terracotta	407
independent_random	3	2	minecraft:diamond_block	24
independent_random	3	2	minecraft:dirt	20
independent_random	3	2	minecraft:dripstone_block	3
independent_random	3	2	minecraft:granite	1
independent_random	3	2	minecraft:grass_block{snowy=false}	823
independent_random	3	2	minecraft:gray_wool	14
independent_random	3	2	minecraft:iron_ore	2
independent_random	3	2	minecraft:light_gray_terracotta	4
independent_random	3	2	minecraft:light_gray_wool	69
independent_random	3	2	minecraft:moss_block	509
independent_random	3	2	minecraft:mud	297
independent_random	3	2	minecraft:packed_mud	2
independent_random	3	2	minecraft:pale_moss_block	827
independent_random	3	2	minecraft:pale_oak_wood{axis=y}	130
independent_random	3	2	minecraft:pale_oak_wood{axis=z}	1
independent_random	3	2	minecraft:smooth_basalt	73
independent_random	3	2	minecraft:spruce_log{axis=y}	2
independent_random	3	2	minecraft:stone	1218
independent_random	3	2	minecraft:tuff	19
independent_random	3	3	minecraft:acacia_wood{axis=y}	724
independent_random	3	3	minecraft:andesite	89
independent_random	3	3	minecraft:basalt{axis=y}	149
independent_random	3	3	minecraft:black_wool	6
independent_random	3	3	minecraft:blackstone	40
independent_random	3	3	minecraft:cobblestone	978
independent_random	3	3	minecraft:cyan_terracotta	485
independent_random	3	3	minecraft:diamond_block	27
independent_random	3	3	minecraft:dirt	25
independent_random	3	3	minecraft:dripstone_block	5
independent_random	3	3	minecraft:granite	2
independent_random	3	3	minecraft:grass_block{snowy=false}	1039
independent_random	3	3	minecraft:grass_block{snowy=true}	2
independent_random	3	3	minecraft:gravel	2
independent_random	3	3	minecraft:gray_wool	17
independent_random	3	3	minecraft:iron_ore	1
independent_random	3	3	minecraft:light_gray_terracotta	2
independent_random	3	3	minecraft:light_gray_wool	75
independent_random	3	3	minecraft:moss_block	678
independent_random	3	3	minecraft:mud	345
independent_random	3	3	minecraft:packed_mud	1
independent_random	3	3	minecraft:pale_moss_block	1041
independent_random	3	3	minecraft:pale_oak_wood{axis=x}	1
independent_random	3	3	minecraft:pale_oak_wood{axis=y}	123
independent_random	3	3	minecraft:pale_oak_wood{axis=z}	1
independent_random	3	3	minecraft:smooth_basalt	84
independent_random	3	3	minecraft:stone	1717
independent_random	3	3	minecraft:tuff	19
independent_random	3	4	minecraft:acacia_wood{axis=y}	276
independent_random	3	4	minecraft:andesite	34
independent_random	3	4	minecraft:basalt{axis=y}	45
independent_random	3	4	minecraft:black_wool	3
independent_random	3	4	minecraft:blackstone	17
independent_random	3	4	minecraft:cobblestone	394
independent_random	3	4	minecraft:cyan_terracotta	188
independent_random	3	4	minecraft:diamond_block	6
independent_random	3	4	minecraft:dirt	6
independent_random	3	4	minecraft:dripstone_block	3
independent_random	3	4	minecraft:grass_block{snowy=false}	369
independent_random	3	4	minecraft:gravel	2
independent_random	3	4	minecraft:gray_wool	10
independent_random	3	4	minecraft:light_gray_terracotta	2
independent_random	3	4	minecraft:light_gray_wool	33
independent_random	3	4	minecraft:moss_block	233
independent_random	3	4	minecraft:mud	130
independent_random	3	4	minecraft:pale_moss_block	402
independent_random	3	4	minecraft:pale_oak_wood{axis=y}	56
independent_random	3	4	minecraft:pale_oak_wood{axis=z}	1
independent_random	3	4	minecraft:smooth_basalt	30
independent_random	3	4	minecraft:stone	608
independent_random	3	4	minecraft:tuff	3
independent_random	4	0	minecraft:acacia_wood{axis=y}	15
independent_random	4	0	minecraft:andesite	1
independent_random	4	0	minecraft:basalt{axis=y}	4
independent_random	4	0	minecraft:blackstone	2
independent_random	4	0	minecraft:cobblestone	18
independent_random	4	0	minecraft:cyan_terracotta	14
independent_random	4	0	minecraft:grass_block{snowy=false}	20
independent_random	4	0	minecraft:gray_wool	1
independent_random	4	0	minecraft:light_gray_wool	1
independent_random	4	0	minecraft:moss_block	13
independent_random	4	0	minecraft:mud	9
independent_random	4	0	minecraft:pale_moss_block	25
independent_random	4	0	minecraft:pale_oak_wood{axis=y}	3
independent_random	4	0	minecraft:smooth_basalt	2
independent_random	4	0	minecraft:stone	31
independent_random	4	1	minecraft:acacia_wood{axis=y}	122
independent_random	4	1	minecraft:andesite	13
independent_random	4	1	minecraft:basalt{axis=y}	26
independent_random	4	1	minecraft:blackstone	3
independent_random	4	1	minecraft:coal_ore	1
independent_random	4	1	minecraft:cobblestone	169
independent_random	4	1	minecraft:cyan_terracotta	70
independent_random	4	1	minecraft:diamond_block	4
independent_random	4	1	minecraft:dirt	6
independent_random	4	1	minecraft:grass_block{snowy=false}	156
independent_random	4	1	minecraft:gray_wool	1
independent_random	4	1	minecraft:light_gray_terracotta	1
independent_random	4	1	minecraft:light_gray_wool	5
independent_random	4	1	minecraft:moss_block	99
independent_random	4	1	minecraft:mud	50
independent_random	4	1	minecraft:packed_mud	1
independent_random	4	1	minecraft:pale_moss_block	154
independent_random	4	1	minecraft:pale_oak_wood{axis=x}	1
independent_random	4	1	minecraft:pale_oak_wood{axis=y}	26
independent_random	4	1	minecraft:smooth_basalt	16
independent_random	4	1	minecraft:snow[layers=1]	1
independent_random	4	1	minecraft:stone	238
independent_random	4	1	minecraft:tuff	2
independent_random	4	2	minecraft:acacia_wood{axis=y}	471
independent_random	4	2	minecraft:andesite	60
independent_random	4	2	minecraft:basalt{axis=y}	98
independent_random	4	2	minecraft:black_wool	3
independent_random	4	2	minecraft:blackstone	19
independent_random	4	2	minecraft:coal_ore	1
independent_random	4	2	minecraft:coarse_dirt	1
independent_random	4	2	minecraft:cobblestone	677
independent_random	4	2	minecraft:cyan_terracotta	285
independent_random	4	2	minecraft:diamond_block	14
independent_random	4	2	minecraft:dirt	15
independent_random	4	2	minecraft:dripstone_block	5
independent_random	4	2	minecraft:granite	1
independent_random	4	2	minecraft:grass_block{snowy=false}	707
independent_random	4	2	minecraft:gravel	3
independent_random	4	2	minecraft:gray_wool	13
independent_random	4	2	minecraft:iron_ore	1
independent_random	4	2	minecraft:light_gray_terracotta	2
independent_random	4	2	minecraft:light_gray_wool	59
independent_random	4	2	minecraft:moss_block	413
independent_random	4	2	minecraft:mud	197
independent_random	4	2	minecraft:pale_moss_block	679
independent_random	4	2	minecraft:pale_oak_wood{axis=x}	1
independent_random	4	2	minecraft:pale_oak_wood{axis=y}	91
independent_random	4	2	minecraft:smooth_basalt	46
independent_random	4	2	minecraft:snow[layers=1]	7
independent_random	4	2	minecraft:spruce_log{axis=y}	1
independent_random	4	2	minecraft:stone	997
independent_random	4	2	minecraft:tuff	4
independent_random	4	3	minecraft:acacia_wood{axis=y}	571
independent_random	4	3	minecraft:acacia_wood{axis=z}	1
independent_random	4	3	minecraft:andesite	67
independent_random	4	3	minecraft:basalt{axis=y}	99
independent_random	4	3	minecraft:black_wool	4
independent_random	4	3	minecraft:blackstone	26
independent_random	4	3	minecraft:coal_ore	3
independent_random	4	3	minecraft:cobblestone	827
independent_random	4	3	minecraft:cyan_terracotta	377
independent_random	4	3	minecraft:diamond_block	20
independent_random	4	3	minecraft:dirt	15
independent_random	4	3	minecraft:dripstone_block	1
independent_random	4	3	minecraft:granite	1
independent_random	4	3	minecraft:grass_block{snowy=false}	816
independent_random	4	3	minecraft:gravel	1
independent_random	4	3	minecraft:gray_wool	10
independent_random	4	3	minecraft:iron_ore	1
independent_random	4	3	minecraft:light_gray_wool	50
independent_random	4	3	minecraft:moss_block	496
independent_random	4	3	minecraft:mud	275
independent_random	4	3	minecraft:packed_mud	5
independent_random	4	3	minecraft:pale_moss_block	746
independent_random	4	3	minecraft:pale_oak_wood{axis=y}	111
independent_random	4	3	minecraft:pale_oak_wood{axis=z}	1
independent_random	4	3	minecraft:smooth_basalt	68
independent_random	4	3	minecraft:snow[layers=1]	7
independent_random	4	3	minecraft:spruce_log{axis=y}	1
independent_random	4	3	minecraft:stone	1247
independent_random	4	3	minecraft:tuff	13
independent_random	4	4	minecraft:acacia_wood{axis=y}	224
independent_random	4	4	minecraft:andesite	30
independent_random	4	4	minecraft:basalt{axis=y}	24
independent_random	4	4	minecraft:black_wool	4
independent_random	4	4	minecraft:blackstone	6
independent_random	4	4	minecraft:cobblestone	266
independent_random	4	4	minecraft:cyan_terracotta	133
independent_random	4	4	minecraft:diamond_block	12
independent_random	4	4	minecraft:dirt	11
independent_random	4	4	minecraft:dripstone_block	3
independent_random	4	4	minecraft:grass_block{snowy=false}	316
independent_random	4	4	minecraft:gravel	1
independent_random	4	4	minecraft:gray_wool	6
independent_random	4	4	minecraft:light_gray_wool	27
independent_random	4	4	minecraft:moss_block	187
independent_random	4	4	minecraft:mud	82
independent_random	4	4	minecraft:pale_moss_block	315
independent_random	4	4	minecraft:pale_oak_wood{axis=y}	31
independent_random	4	4	minecraft:pale_oak_wood{axis=z}	1
independent_random	4	4	minecraft:smooth_basalt	20
independent_random	4	4	minecraft:stone	459
independent_random	4	4	minecraft:tuff	3
independent_random	5	0	minecraft:acacia_wood{axis=y}	5
independent_random	5	0	minecraft:andesite	1
independent_random	5	0	minecraft:cobblestone	6
independent_random	5	0	minecraft:cyan_terracotta	2
independent_random	5	0	minecraft:grass_block{snowy=false}	2
independent_random	5	0	minecraft:light_gray_wool	1
independent_random	5	0	minecraft:moss_block	5
independent_random	5	0	minecraft:mud	3
independent_random	5	0	minecraft:pale_moss_block	2
independent_random	5	0	minecraft:stone	7
independent_random	5	1	minecraft:acacia_wood{axis=y}	81
independent_random	5	1	minecraft:andesite	7
independent_random	5	1	minecraft:basalt{axis=y}	8
independent_random	5	1	minecraft:black_wool	1
independent_random	5	1	minecraft:blackstone	3
independent_random	5	1	minecraft:cobblestone	87
independent_random	5	1	minecraft:cyan_terracotta	38
independent_random	5	1	minecraft:dirt	1
independent_random	5	1	minecraft:grass_block{snowy=false}	102
independent_random	5	1	minecraft:gray_wool	1
independent_random	5	1	minecraft:light_gray_wool	9
independent_random	5	1	minecraft:moss_block	59
independent_random	5	1	minecraft:mud	36
independent_random	5	1	minecraft:packed_mud	1
independent_random	5	1	minecraft:pale_moss_block	104
independent_random	5	1	minecraft:pale_oak_wood{axis=y}	20
independent_random	5	1	minecraft:smooth_basalt	7
independent_random	5	1	minecraft:snow[layers=1]	12
independent_random	5	1	minecraft:snow[layers=2]	2
independent_random	5	1	minecraft:snow[layers=3]	6
independent_random	5	1	minecraft:snow[layers=4]	1
independent_random	5	1	minecraft:stone	160
independent_random	5	1	minecraft:tuff	1
independent_random	5	2	minecraft:acacia_wood{axis=y}	339
independent_random	5	2	minecraft:andesite	41
independent_random	5	2	minecraft:basalt{axis=y}	48
independent_random	5	2	minecraft:black_wool	4
independent_random	5	2	minecraft:blackstone	21
independent_random	5	2	minecraft:coal_ore	1
independent_random	5	2	minecraft:cobblestone	309
independent_random	5	2	minecraft:cyan_terracotta	214
independent_random	5	2	minecraft:diamond_block	18
independent_random	5	2	minecraft:dirt	8
independent_random	5	2	minecraft:dripstone_block	3
independent_random	5	2	minecraft:grass_block{snowy=false}	470
independent_random	5	2	minecraft:gravel	1
independent_random	5	2	minecraft:gray_wool	7
independent_random	5	2	minecraft:iron_ore	3
independent_random	5	2	minecraft:light_gray_wool	31
independent_random	5	2	minecraft:moss_block	253
independent_random	5	2	minecraft:mud	129
independent_random	5	2	minecraft:packed_mud	1
independent_random	5	2	minecraft:pale_moss_block	447
independent_random	5	2	minecraft:pale_oak_wood{axis=y}	59
independent_random	5	2	minecraft:smooth_basalt	30
independent_random	5	2	minecraft:snow[layers=1]	75
independent_random	5	2	minecraft:snow[layers=2]	15
independent_random	5	2	minecraft:snow[layers=3]	11
independent_random	5	2	minecraft:snow[layers=4]	1
independent_random	5	2	minecraft:stone	617
independent_random	5	2	minecraft:tuff	4
independent_random	5	3	minecraft:acacia_wood{axis=y}	429
independent_random	5	3	minecraft:andesite	40
independent_random	5	3	minecraft:basalt{axis=y}	93
independent_random	5	3	minecraft:black_wool	2
independent_random	5	3	minecraft:blackstone	25
independent_random	5	3	minecraft:cobblestone	593
independent_random	5	3	minecraft:cyan_terracotta	299
independent_random	5	3	minecraft:diamond_block	18
independent_random	5	3	minecraft:dirt	15
independent_random	5	3	minecraft:granite	2
independent_random	5	3	minecraft:grass_block{snowy=false}	638
independent_random	5	3	minecraft:gravel	1
independent_random	5	3	minecraft:gray_wool	5
independent_random	5	3	minecraft:iron_ore	1
independent_random	5	3	minecraft:light_gray_terracotta	2
independent_random	5	3	minecraft:light_gray_wool	46
independent_random	5	3	minecraft:moss_block	405
independent_random	5	3	minecraft:mud	191
independent_random	5	3	minecraft:packed_mud	1
independent_random	5	3	minecraft:pale_moss_block	641
independent_random	5	3	minecraft:pale_oak_wood{axis=y}	89
independent_random	5	3	minecraft:smooth_basalt	51
independent_random	5	3	minecraft:snow[layers=1]	61
independent_random	5	3	minecraft:snow[layers=2]	9
independent_random	5	3	minecraft:snow[layers=3]	5
independent_random	5	3	minecraft:stone	940
independent_random	5	3	minecraft:tuff	11
independent_random	5	4	minecraft:acacia_wood{axis=y}	117
independent_random	5	4	minecraft:andesite	17
independent_random	5	4	minecraft:basalt{axis=y}	14
independent_random	5	4	minecraft:black_wool	2
independent_random	5	4	minecraft:blackstone	3
independent_random	5	4	minecraft:cobblestone	166
independent_random	5	4	minecraft:cyan_terracotta	76
independent_random	5	4	minecraft:dirt	3
independent_random	5	4	minecraft:dripstone_block	1
independent_random	5	4	minecraft:grass_block{snowy=false}	172
independent_random	5	4	minecraft:gravel	1
independent_random	5	4	minecraft:gray_wool	3
independent_random	5	4	minecraft:light_gray_terracotta	1
independent_random	5	4	minecraft:light_gray_wool	11
independent_random	5	4	minecraft:moss_block	115
independent_random	5	4	minecraft:mud	62
independent_random	5	4	minecraft:packed_mud	2
independent_random	5	4	minecraft:pale_moss_block	175
independent_random	5	4	minecraft:pale_oak_wood{axis=y}	29
independent_random	5	4	minecraft:smooth_basalt	12
independent_random	5	4	minecraft:snow[layers=1]	1
independent_random	5	4	minecraft:snow[layers=2]	1
independent_random	5	4	minecraft:stone	271
independent_random	5	4	minecraft:tuff	5
independent_random	6	1	minecraft:acacia_wood{axis=y}	21
independent_random	6	1	minecraft:andesite	1
independent_random	6	1	minecraft:basalt{axis=y}	2
independent_random	6	1	minecraft:cobblestone	19
independent_random	6	1	minecraft:cyan_terracotta	19
independent_random	6	1	minecraft:grass_block{snowy=false}	43
independent_random	6	1	minecraft:gray_wool	1
independent_random	6	1	minecraft:light_gray_wool	2
independent_random	6	1	minecraft:moss_block	26
independent_random	6	1	minecraft:mud	12
independent_random	6	1	minecraft:pale_moss_block	46
independent_random	6	1	minecraft:pale_oak_wood{axis=y}	4
independent_random	6	1	minecraft:smooth_basalt	4
independent_random	6	1	minecraft:snow[layers=1]	20
independent_random	6	1	minecraft:snow[layers=2]	3
independent_random	6	1	minecraft:stone	48
independent_random	6	2	minecraft:acacia_wood{axis=y}	252
independent_random	6	2	minecraft:andesite	30
independent_random	6	2	minecraft:basalt{axis=y}	57
independent_random	6	2	minecraft:black_wool	1
independent_random	6	2	minecraft:blackstone	10
independent_random	6	2	minecraft:coarse_dirt	1
independent_random	6	2	minecraft:cobblestone	241
independent_random	6	2	minecraft:cyan_terracotta	181
independent_random	6	2	minecraft:diamond_block	5
independent_random	6	2	minecraft:dirt	6
independent_random	6	2	minecraft:dripstone_block	1
independent_random	6	2	minecraft:grass_block{snowy=false}	393
independent_random	6	2	minecraft:gray_wool	5
independent_random	6	2	minecraft:light_gray_terracotta	1
independent_random	6	2	minecraft:light_gray_wool	28
independent_random	6	2	minecraft:moss_block	238
independent_random	6	2	minecraft:mud	112
independent_random	6	2	minecraft:pale_moss_block	361
independent_random	6	2	minecraft:pale_oak_wood{axis=y}	59
independent_random	6	2	minecraft:smooth_basalt	39
independent_random	6	2	minecraft:snow[layers=1]	109
independent_random	6	2	minecraft:snow[layers=2]	40
independent_random	6	2	minecraft:snow[layers=3]	10
independent_random	6	2	minecraft:stone	477
independent_random	6	2	minecraft:tuff	2
independent_random	6	3	minecraft:acacia_wood{axis=y}	312
independent_random	6	3	minecraft:andesite	30
independent_random	6	3	minecraft:basalt{axis=y}	50
independent_random	6	3	minecraft:black_wool	2
independent_random	6	3	minecraft:blackstone	13
independent_random	6	3	minecraft:cobblestone	389
independent_random	6	3	minecraft:cyan_terracotta	189
independent_random	6	3	minecraft:diamond_block	8
independent_random	6	3	minecraft:dirt	7
independent_random	6	3	minecraft:dripstone_block	2
independent_random	6	3	minecraft:granite	2
independent_random	6	3	minecraft:grass_block{snowy=false}	416
independent_random	6	3	minecraft:grass_block{snowy=true}	1
independent_random	6	3	minecraft:gravel	2
independent_random	6	3	minecraft:gray_wool	5
independent_random	6	3	minecraft:iron_ore	1
independent_random	6	3	minecraft:light_gray_terracotta	1
independent_random	6	3	minecraft:light_gray_wool	26
independent_random	6	3	minecraft:moss_block	286
independent_random	6	3	minecraft:mud	131
independent_random	6	3	minecraft:pale_moss_block	455
independent_random	6	3	minecraft:pale_oak_wood{axis=y}	66
independent_random	6	3	minecraft:smooth_basalt	38
independent_random	6	3	minecraft:snow[layers=1]	37
independent_random	6	3	minecraft:snow[layers=2]	10
independent_random	6	3	minecraft:snow[layers=3]	3
independent_random	6	3	minecraft:snow[layers=4]	1
independent_random	6	3	minecraft:spruce_log{axis=y}	2
independent_random	6	3	minecraft:stone	675
independent_random	6	3	minecraft:tuff	9
independent_random	6	4	minecraft:acacia_wood{axis=y}	46
independent_random	6	4	minecraft:andesite	13
independent_random	6	4	minecraft:basalt{axis=y}	13
independent_random	6	4	minecraft:blackstone	4
independent_random	6	4	minecraft:cobblestone	78
independent_random	6	4	minecraft:cyan_terracotta	45
independent_random	6	4	minecraft:diamond_block	2
independent_random	6	4	minecraft:dirt	1
independent_random	6	4	minecraft:grass_block{snowy=false}	73
independent_random	6	4	minecraft:gravel	1
independent_random	6	4	minecraft:gray_wool	2
independent_random	6	4	minecraft:light_gray_terracotta	1
independent_random	6	4	minecraft:light_gray_wool	8
independent_random	6	4	minecraft:moss_block	43
independent_random	6	4	minecraft:mud	30
independent_random	6	4	minecraft:pale_moss_block	69
independent_random	6	4	minecraft:pale_oak_wood{axis=y}	11
independent_random	6	4	minecraft:smooth_basalt	8
independent_random	6	4	minecraft:snow[layers=1]	1
independent_random	6	4	minecraft:stone	126
independent_random	7	0	minecraft:acacia_wood{axis=y}	15
independent_random	7	0	minecraft:acacia_wood{axis=z}	1
independent_random	7	0	minecraft:andesite	4
independent_random	7	0	minecraft:basalt{axis=y}	5
independent_random	7	0	minecraft:black_wool	1
independent_random	7	0	minecraft:cobblestone	7
independent_random	7	0	minecraft:cyan_terracotta	10
independent_random	7	0	minecraft:diamond_block	1
independent_random	7	0	minecraft:dirt	1
independent_random	7	0	minecraft:grass_block{snowy=false}	34
independent_random	7	0	minecraft:gray_wool	1
independent_random	7	0	minecraft:light_gray_wool	2
independent_random	7	0	minecraft:moss_block	18
independent_random	7	0	minecraft:mud	10
independent_random	7	0	minecraft:pale_moss_block	33
independent_random	7	0	minecraft:pale_oak_wood{axis=y}	2
independent_random	7	0	minecraft:snow[layers=1]	19
independent_random	7	0	minecraft:snow[layers=2]	7
independent_random	7	0	minecraft:snow[layers=3]	5
independent_random	7	0	minecraft:stone	39
independent_random	7	1	minecraft:acacia_wood{axis=y}	90
independent_random	7	1	minecraft:andesite	10
independent_random	7	1	minecraft:basalt{axis=y}	23
independent_random	7	1	minecraft:black_wool	1
independent_random	7	1	minecraft:blackstone	7
independent_random	7	1	minecraft:coal_ore	1
independent_random	7	1	minecraft:cobblestone	54
independent_random	7	1	minecraft:cyan_terracotta	64
independent_random	7	1	minecraft:diamond_block	3
independent_random	7	1	minecraft:dirt	3
independent_random	7	1	minecraft:grass_block{snowy=false}	134
independent_random	7	1	minecraft:gray_wool	1
independent_random	7	1	minecraft:light_gray_terracotta	1
independent_random	7	1	minecraft:light_gray_wool	9
independent_random	7	1	minecraft:moss_block	86
independent_random	7	1	minecraft:mud	43
independent_random	7	1	minecraft:pale_moss_block	120
independent_random	7	1	minecraft:pale_oak_wood{axis=y}	29
independent_random	7	1	minecraft:smooth_basalt	17
independent_random	7	1	minecraft:snow[layers=1]	79
independent_random	7	1	minecraft:snow[layers=2]	27
independent_random	7	1	minecraft:snow[layers=3]	9
independent_random	7	1	minecraft:stone	200
independent_random	7	1	minecraft:tuff	6
independent_random	7	2	minecraft:acacia_wood{axis=y}	134
independent_random	7	2	minecraft:andesite	14
independent_random	7	2	minecraft:basalt{axis=y}	22
independent_random	7	2	minecraft:black_wool	1
independent_random	7	2	minecraft:blackstone	6
independent_random	7	2	minecraft:coarse_dirt	1
independent_random	7	2	minecraft:cobblestone	140
independent_random	7	2	minecraft:cyan_terracotta	78
independent_random	7	2	minecraft:diamond_block	5
independent_random	7	2	minecraft:dirt	4
independent_random	7	2	minecraft:dripstone_block	1
independent_random	7	2	minecraft:grass_block{snowy=false}	169
independent_random	7	2	minecraft:gray_wool	4
independent_random	7	2	minecraft:light_gray_wool	15
independent_random	7	2	minecraft:moss_block	116
independent_random	7	2	minecraft:mud	63
independent_random	7	2	minecraft:pale_moss_block	175
independent_random	7	2	minecraft:pale_oak_wood{axis=y}	28
independent_random	7	2	minecraft:smooth_basalt	15
independent_random	7	2	minecraft:snow[layers=1]	58
independent_random	7	2	minecraft:snow[layers=2]	17
independent_random	7	2	minecraft:snow[layers=3]	6
independent_random	7	2	minecraft:snow[layers=4]	3
independent_random	7	2	minecraft:stone	270
independent_random	7	2	minecraft:tuff	4
independent_random	7	3	minecraft:acacia_wood{axis=y}	145
independent_random	7	3	minecraft:andesite	19
independent_random	7	3	minecraft:basalt{axis=y}	23
independent_random	7	3	minecraft:black_wool	3
independent_random	7	3	minecraft:blackstone	9
independent_random	7	3	minecraft:cobblestone	162
independent_random	7	3	minecraft:cyan_terracotta	83
independent_random	7	3	minecraft:diamond_block	5
independent_random	7	3	minecraft:dirt	3
independent_random	7	3	minecraft:dripstone_block	1
independent_random	7	3	minecraft:grass_block{snowy=false}	207
independent_random	7	3	minecraft:gray_wool	5
independent_random	7	3	minecraft:light_gray_wool	14
independent_random	7	3	minecraft:moss_block	97
independent_random	7	3	minecraft:mud	66
independent_random	7	3	minecraft:pale_moss_block	203
independent_random	7	3	minecraft:pale_oak_wood{axis=y}	22
independent_random	7	3	minecraft:smooth_basalt	15
independent_random	7	3	minecraft:snow[layers=1]	28
independent_random	7	3	minecraft:snow[layers=2]	9
independent_random	7	3	minecraft:stone	324
independent_random	7	3	minecraft:tuff	1
independent_random	7	4	minecraft:acacia_wood{axis=y}	25
independent_random	7	4	minecraft:andesite	2
independent_random	7	4	minecraft:basalt{axis=y}	4
independent_random	7	4	minecraft:blackstone	1
independent_random	7	4	minecraft:cobblestone	34
independent_random	7	4	minecraft:cyan_terracotta	12
independent_random	7	4	minecraft:diamond_block	1
independent_random	7	4	minecraft:grass_block{snowy=false}	41
independent_random	7	4	minecraft:light_gray_wool	1
independent_random	7	4	minecraft:moss_block	17
independent_random	7	4	minecraft:mud	12
independent_random	7	4	minecraft:pale_moss_block	31
independent_random	7	4	minecraft:pale_oak_wood{axis=y}	3
independent_random	7	4	minecraft:smooth_basalt	2
independent_random	7	4	minecraft:stone	46
