population	state	count
expected_snow_surface	minecraft:acacia_wood{axis=y}	12389
expected_snow_surface	minecraft:acacia_wood{axis=z}	3
expected_snow_surface	minecraft:andesite	1450
expected_snow_surface	minecraft:basalt{axis=y}	2181
expected_snow_surface	minecraft:black_wool	87
expected_snow_surface	minecraft:blackstone	634
expected_snow_surface	minecraft:coal_ore	35
expected_snow_surface	minecraft:coarse_dirt	18
expected_snow_surface	minecraft:cobblestone	13657
expected_snow_surface	minecraft:cyan_terracotta	8317
expected_snow_surface	minecraft:diamond_block	445
expected_snow_surface	minecraft:dirt	432
expected_snow_surface	minecraft:dripstone_block	72
expected_snow_surface	minecraft:granite	12
expected_snow_surface	minecraft:grass_block{snowy=false}	17918
expected_snow_surface	minecraft:grass_block{snowy=true}	6
expected_snow_surface	minecraft:gravel	34
expected_snow_surface	minecraft:gray_wool	289
expected_snow_surface	minecraft:iron_ore	27
expected_snow_surface	minecraft:light_gray_terracotta	32
expected_snow_surface	minecraft:light_gray_wool	1331
expected_snow_surface	minecraft:moss_block	10985
expected_snow_surface	minecraft:mud	5577
expected_snow_surface	minecraft:netherrack	4
expected_snow_surface	minecraft:packed_mud	23
expected_snow_surface	minecraft:pale_moss_block	17176
expected_snow_surface	minecraft:pale_oak_wood{axis=x}	6
expected_snow_surface	minecraft:pale_oak_wood{axis=y}	2583
expected_snow_surface	minecraft:pale_oak_wood{axis=z}	13
expected_snow_surface	minecraft:smooth_basalt	1404
expected_snow_surface	minecraft:snow[layers=1]	233
expected_snow_surface	minecraft:snow[layers=2]	445
expected_snow_surface	minecraft:snow[layers=3]	476
expected_snow_surface	minecraft:snow[layers=4]	300
expected_snow_surface	minecraft:snow[layers=5]	3123
expected_snow_surface	minecraft:spruce_log{axis=y}	23
expected_snow_surface	minecraft:stone	25679
expected_snow_surface	minecraft:tuff	277
random_undercoat	minecraft:acacia_wood{axis=y}	12326
random_undercoat	minecraft:acacia_wood{axis=z}	5
random_undercoat	minecraft:andesite	1465
random_undercoat	minecraft:basalt{axis=y}	2182
random_undercoat	minecraft:black_wool	97
random_undercoat	minecraft:blackstone	610
random_undercoat	minecraft:coal_ore	26
random_undercoat	minecraft:coarse_dirt	11
random_undercoat	minecraft:cobblestone	17035
random_undercoat	minecraft:cyan_terracotta	8233
random_undercoat	minecraft:diamond_block	429
random_undercoat	minecraft:dirt	405
random_undercoat	minecraft:dripstone_block	76
random_undercoat	minecraft:granite	16
random_undercoat	minecraft:grass_block{snowy=false}	17729
random_undercoat	minecraft:grass_block{snowy=true}	4
random_undercoat	minecraft:gravel	43
random_undercoat	minecraft:gray_wool	278
random_undercoat	minecraft:iron_ore	36
random_undercoat	minecraft:light_gray_terracotta	37
random_undercoat	minecraft:light_gray_wool	1319
random_undercoat	minecraft:moss_block	10900
random_undercoat	minecraft:mud	5584
random_undercoat	minecraft:packed_mud	23
random_undercoat	minecraft:pale_moss_block	17419
random_undercoat	minecraft:pale_oak_wood{axis=x}	6
random_undercoat	minecraft:pale_oak_wood{axis=y}	2546
random_undercoat	minecraft:pale_oak_wood{axis=z}	17
random_undercoat	minecraft:smooth_basalt	1485
random_undercoat	minecraft:spruce_log{axis=y}	15
random_undercoat	minecraft:stone	27078
random_undercoat	minecraft:tuff	261
expected_undercoat	minecraft:acacia_wood{axis=y}	12390
expected_undercoat	minecraft:acacia_wood{axis=z}	3
expected_undercoat	minecraft:andesite	1452
expected_undercoat	minecraft:basalt{axis=y}	2182
expected_undercoat	minecraft:black_wool	88
expected_undercoat	minecraft:blackstone	638
expected_undercoat	minecraft:coal_ore	39
expected_undercoat	minecraft:coarse_dirt	18
expected_undercoat	minecraft:cobblestone	17063
expected_undercoat	minecraft:cyan_terracotta	8319
expected_undercoat	minecraft:diamond_block	445
expected_undercoat	minecraft:dirt	434
expected_undercoat	minecraft:dripstone_block	72
expected_undercoat	minecraft:emerald_ore	1
expected_undercoat	minecraft:granite	12
expected_undercoat	minecraft:grass_block{snowy=false}	17918
expected_undercoat	minecraft:grass_block{snowy=true}	6
expected_undercoat	minecraft:gravel	35
expected_undercoat	minecraft:gray_wool	289
expected_undercoat	minecraft:iron_ore	36
expected_undercoat	minecraft:light_gray_terracotta	32
expected_undercoat	minecraft:light_gray_wool	1333
expected_undercoat	minecraft:moss_block	10985
expected_undercoat	minecraft:mud	5579
expected_undercoat	minecraft:netherrack	4
expected_undercoat	minecraft:packed_mud	23
expected_undercoat	minecraft:pale_moss_block	17212
expected_undercoat	minecraft:pale_oak_wood{axis=x}	6
expected_undercoat	minecraft:pale_oak_wood{axis=y}	2584
expected_undercoat	minecraft:pale_oak_wood{axis=z}	13
expected_undercoat	minecraft:smooth_basalt	1404
expected_undercoat	minecraft:spruce_log{axis=y}	23
expected_undercoat	minecraft:stone	26781
expected_undercoat	minecraft:tuff	277
actual_undercoat	minecraft:acacia_wood{axis=y}	12267
actual_undercoat	minecraft:acacia_wood{axis=z}	3
actual_undercoat	minecraft:andesite	1400
actual_undercoat	minecraft:basalt{axis=y}	2166
actual_undercoat	minecraft:black_wool	79
actual_undercoat	minecraft:blackstone	604
actual_undercoat	minecraft:coal_ore	30
actual_undercoat	minecraft:coarse_dirt	18
actual_undercoat	minecraft:cobblestone	17002
actual_undercoat	minecraft:cyan_terracotta	8238
actual_undercoat	minecraft:diamond_block	361
actual_undercoat	minecraft:dirt	424
actual_undercoat	minecraft:dripstone_block	73
actual_undercoat	minecraft:emerald_ore	1
actual_undercoat	minecraft:granite	12
actual_undercoat	minecraft:grass_block{snowy=false}	20019
actual_undercoat	minecraft:grass_block{snowy=true}	6
actual_undercoat	minecraft:gravel	19
actual_undercoat	minecraft:gray_wool	274
actual_undercoat	minecraft:iron_ore	31
actual_undercoat	minecraft:light_gray_terracotta	32
actual_undercoat	minecraft:light_gray_wool	1345
actual_undercoat	minecraft:moss_block	10806
actual_undercoat	minecraft:mud	5332
actual_undercoat	minecraft:netherrack	4
actual_undercoat	minecraft:packed_mud	23
actual_undercoat	minecraft:pale_moss_block	16961
actual_undercoat	minecraft:pale_oak_wood{axis=x}	6
actual_undercoat	minecraft:pale_oak_wood{axis=y}	2553
actual_undercoat	minecraft:pale_oak_wood{axis=z}	13
actual_undercoat	minecraft:smooth_basalt	1360
actual_undercoat	minecraft:stone	25954
actual_undercoat	minecraft:tuff	280
actual_snow_surface	minecraft:acacia_wood{axis=y}	12266
actual_snow_surface	minecraft:acacia_wood{axis=z}	3
actual_snow_surface	minecraft:andesite	1398
actual_snow_surface	minecraft:basalt{axis=y}	2165
actual_snow_surface	minecraft:black_wool	78
actual_snow_surface	minecraft:blackstone	600
actual_snow_surface	minecraft:coal_ore	28
actual_snow_surface	minecraft:coarse_dirt	18
actual_snow_surface	minecraft:cobblestone	13570
actual_snow_surface	minecraft:cyan_terracotta	8236
actual_snow_surface	minecraft:diamond_block	361
actual_snow_surface	minecraft:dirt	422
actual_snow_surface	minecraft:dripstone_block	73
actual_snow_surface	minecraft:granite	12
actual_snow_surface	minecraft:grass_block{snowy=false}	20019
actual_snow_surface	minecraft:grass_block{snowy=true}	6
actual_snow_surface	minecraft:gravel	18
actual_snow_surface	minecraft:gray_wool	274
actual_snow_surface	minecraft:iron_ore	22
actual_snow_surface	minecraft:light_gray_terracotta	32
actual_snow_surface	minecraft:light_gray_wool	1343
actual_snow_surface	minecraft:moss_block	10806
actual_snow_surface	minecraft:mud	5330
actual_snow_surface	minecraft:netherrack	4
actual_snow_surface	minecraft:packed_mud	23
actual_snow_surface	minecraft:pale_moss_block	16925
actual_snow_surface	minecraft:pale_oak_wood{axis=x}	6
actual_snow_surface	minecraft:pale_oak_wood{axis=y}	2552
actual_snow_surface	minecraft:pale_oak_wood{axis=z}	13
actual_snow_surface	minecraft:smooth_basalt	1360
actual_snow_surface	minecraft:snow[layers=1]	232
actual_snow_surface	minecraft:snow[layers=2]	442
actual_snow_surface	minecraft:snow[layers=3]	474
actual_snow_surface	minecraft:snow[layers=4]	299
actual_snow_surface	minecraft:snow[layers=5]	3121
actual_snow_surface	minecraft:stone	24885
actual_snow_surface	minecraft:tuff	280
